year,Team Name,drivers
1950,Adams,"['Bayliss Levrett', 'Bill Cantrell']"
1950,Alfa Romeo,"['Nino Farina', 'Juan Fangio', 'Luigi Fagioli', 'Piero Taruffi', 'Consalvo Sanesi']"
1950,Alta,"['Geoff Crossley', 'Joe Kelly']"
1950,Deidt,"['Bill Holland', 'Mauri Rose']"
1950,ERA,"['Cuth Harrison', 'Leslie Johnson', 'Bob Gerard', 'Peter Walker', 'Tony Rolt']"
1950,Ewing,['Jimmy Davies']
1950,Ferrari,"['Dorino Serafini', 'Clemente Biondetti', 'Peter Whitehead', 'Raymond Sommer', 'Luigi Villoresi', 'Oliver Bearman', 'Alberto Ascari']"
1950,Kurtis Kraft,"['Johnnie Parsons', 'Cecil Green', 'Joie Chitwood', 'Walt Brown', 'Mack Hellings', 'Jimmy Jackson', 'Johnny McDowell', 'Pat Flaherty', 'Sam Hanks', 'Fred Agabashian', 'Duke Dinsmore', 'Walt Faulkner', 'Jack McGrath', 'Jerry Hoyt']"
1950,Langley,['Gene Hartley']
1950,Lesovsky,"['Troy Ruttman', 'George Connor']"
1950,Marchese,['Myron Fohr']
1950,Maserati,"['Prince Bira', 'Louis Chiron', 'Felice Bonetto', 'Toulo de Graffenried', 'Brian Shawe Taylor', 'Toni Branca', 'David Hampshire', 'José Froilán González', 'Joe Fry', 'Alfredo Pián', 'Nello Pagani', 'Henry Banks', 'David Murray', 'Franco Rol', 'Franco Comotti', 'Paul Pietsch', 'Travis Webb']"
1950,Milano,['Felice Bonetto']
1950,Moore,['Lee Wallard']
1950,Nichels,['Paul Russo']
1950,Olson,['Jackie Holmes']
1950,Rae,['Walt Ader']
1950,Simca,"['Robert Manzon', 'Maurice Trintignant']"
1950,Snowberger,['Bill Schindler']
1950,Stevens,['Duane Carter']
1950,Talbot-Lago,"['Louis Rosier', 'Raymond Sommer', 'Yves Cabantous', 'Philippe Étancelin', 'Eugène Chaboud', 'Johnny Claes', 'Pierre Levegh', 'Charles Pozzi', 'Eugène Martin', 'Guy Mairesse', 'Henri Louveau']"
1950,Watson,['Dick Rathmann']
1950,Wetteroth,['Jim Rathmann']
1951,Alfa Romeo,"['Juan Fangio', 'Nino Farina', 'Felice Bonetto', 'Luigi Fagioli', 'Consalvo Sanesi', 'Toulo de Graffenried', 'Paul Pietsch']"
1951,Alta,['Joe Kelly']
1951,BRM,"['Ken Richardson', 'Peter Walker']"
1951,Bromme,['Rodger Ward']
1951,Deidt,"['Mauri Rose', 'Mack Hellings', 'Duane Carter', 'Tony Bettenhausen']"
1951,ERA,"['Brian Shawe Taylor', 'Bob Gerard']"
1951,Ferrari,"['Rudi Fischer', 'Peter Whitehead', 'Luigi Villoresi', 'Oliver Bearman', 'Alberto Ascari', 'Piero Taruffi', 'José Froilán González', 'Chico Landi']"
1951,HWM,"['Stirling Moss', 'George Abecassis']"
1951,Hall,['Bill Mackey']
1951,Kurtis Kraft,"['Lee Wallard', 'Mike Nazaruk', 'Manny Ayulo', 'Jack McGrath', 'Chet Miller', 'Carl Forberg', 'Cecil Green', 'Walt Brown', 'Bill Schindler', 'Cliff Griffith', 'Troy Ruttman', 'Gene Force', 'Johnnie Parsons', 'Sam Hanks', 'Fred Agabashian', 'Duke Nalon', 'Carl Scarborough']"
1951,Kuzma,['Walt Faulkner']
1951,Lesovsky,['George Connor']
1951,Marchese,['Chuck Stevenson']
1951,Maserati,"['Toulo de Graffenried', 'Louis Chiron', 'David Murray', 'Johnny McDowell', 'Paco Godia', 'Philip Fotheringham-Parker', 'John James', 'Toni Branca', 'Harry Schell', 'Prince Bira', 'Juan Jover', 'Onofre Marimón']"
1951,Moore,['Henry Banks']
1951,OSCA,['Franco Rol']
1951,Pawl,['Jimmy Davies']
1951,Schroeder,"['Bobby Ball', 'Duke Dinsmore']"
1951,Sherman,['Andy Linden']
1951,Simca,"['André Simon', 'Robert Manzon', 'Aldo Gordini', 'Maurice Trintignant']"
1951,Talbot-Lago,"['José Froilán González', 'Louis Rosier', 'Yves Cabantous', 'Louis Chiron', 'Johnny Claes', 'Philippe Étancelin', 'Guy Mairesse', 'Henri Louveau', 'Pierre Levegh', 'Eugène Chaboud', 'André Pilette', 'Georges Grignard', 'Jacques Swaters', 'Duncan Hamilton']"
1951,Trevis,['Bill Vukovich']
1951,Veritas,['Peter Hirt']
1951,Watson,['Joe James']
1952,AFM,"['Helmut Niedermayr', 'Willi Heeks', 'Hans von Stuck']"
1952,Alta,"['Peter Whitehead', 'Graham Whitehead']"
1952,Aston Butterworth,"['Robin Montgomerie-Charrington', 'Bill Aston']"
1952,BMW,"['Marcel Balsa', 'Ernst Klodwig', 'Rudolf Krause', 'Günther Bechem']"
1952,Bromme,['Travis Webb']
1952,Cisitalia,['Piero Dusio']
1952,Connaught,"['Dennis Poore', 'Eric Thompson', 'Ken Downing', 'Kenneth McAlpine', 'Stirling Moss']"
1952,Cooper,"['Mike Hawthorn', 'Ken Wharton', 'Alan Brown', 'Eric Brandon', 'David Murray', 'Reg Parnell']"
1952,Deidt,['Tony Bettenhausen']
1952,ERA,['Stirling Moss']
1952,Ferrari,"['Piero Carini', 'André Simon', 'Rudi Fischer', 'Nino Farina', 'Franco Comotti', 'Peter Whitehead', 'Hans von Stuck', 'Charles de Tornaco', 'Louis Rosier', 'Roy Salvadori', 'Luigi Villoresi', 'Rudolf Schoeller', 'Piero Taruffi', 'Oliver Bearman', 'Alberto Ascari', 'Peter Hirt']"
1952,Frazer Nash,"['Ken Wharton', 'Tony Crook']"
1952,Gordini,"['Robert Manzon', 'Jean Behra', 'Maurice Trintignant', 'Johnny Claes']"
1952,HWM,"['Peter Collins', 'Lance Macklin', 'Johnny Claes', 'George Abecassis', 'Tony Gaze', 'Dries van der Lof', 'Stirling Moss', 'Yves Cabantous', 'Duncan Hamilton']"
1952,Kurtis Kraft,"['Jim Rathmann', 'Sam Hanks', 'Art Cross', 'Bill Vukovich', 'Joe James', 'Johnny McDowell', 'George Connor', 'Chet Miller', 'Rodger Ward', 'Gene Hartley', 'Chuck Stevenson', 'Jimmy Bryan', 'Jimmy Reece', 'Johnnie Parsons', 'Andy Linden', 'Fred Agabashian', 'Bob Sweikert', 'Cliff Griffith', 'Jack McGrath', 'Duke Nalon', 'Bob Scott']"
1952,Kuzma,['Troy Ruttman']
1952,Lesovsky,"['Duane Carter', 'Henry Banks', 'Manny Ayulo']"
1952,Maserati,"['José Froilán González', 'Felice Bonetto', 'Toulo de Graffenried', 'Chico Landi', 'Philippe Étancelin', 'Eitel Cantoni', 'Gino Bianco', 'Harry Schell', 'Franco Rol', 'Alberto Crespo', 'Jan Flinterman']"
1952,OSCA,['Élie Bayol']
1952,Sherman,['George Fonder']
1952,Simca,"['Maurice Trintignant', 'Johnny Claes', ""Robert O'Brien"", 'Max de Terra']"
1952,Stevens,"['Bill Schindler', 'Bobby Ball']"
1952,Trevis,['Eddie Johnson']
1952,Veritas,"['Adolf Brudes', 'Fritz Riess', 'Hans Klenk', 'Paul Pietsch', 'Josef Peters', 'Toni Ulmen', 'Theo Helfrich', 'Arthur Legat']"
1952,Watson,['Jim Rigsby']
1953,AFM,"['Günther Bechem', 'Theo Fitzau', 'Hans von Stuck']"
1953,BMW,"['Rudolf Krause', 'Ernst Klodwig']"
1953,Connaught,"['Stirling Moss', 'Prince Bira', 'André Pilette', 'Johnny Claes', 'Kenneth McAlpine', 'Ian Stewart', 'Jack Fairman', 'Roy Salvadori', 'Tony Rolt']"
1953,Cooper,"['Stirling Moss', 'Adolfo Cruz', 'Ken Wharton', 'John Barber', 'Alan Brown', 'Rodney Nuckey', 'Peter Whitehead', 'Tony Crook', 'Jimmy Stewart', 'Bob Gerard']"
1953,EMW,['Edgar Barth']
1953,Ferrari,"['Piero Carini', 'Kurt Adolff', 'Nino Farina', 'Mike Hawthorn', 'Umberto Maglioli', 'Louis Rosier', 'Jacques Swaters', 'Luigi Villoresi', 'Max de Terra', 'Oliver Bearman', 'Alberto Ascari', 'Peter Hirt']"
1953,Gordini,"['Maurice Trintignant', 'Roberto Mieres', 'Harry Schell', 'Fred Wacker', 'Jean Behra', 'Carlos Menditeguy', 'Robert Manzon']"
1953,HWM,"['Albert Scherrer', 'Yves Cabantous', 'Duncan Hamilton', 'Lance Macklin', 'Jack Fairman', 'Peter Collins', 'Paul Frère', 'John Fitch']"
1953,Kurtis Kraft,"['Bill Vukovich', 'Art Cross', 'Sam Hanks', 'Jack McGrath', 'Fred Agabashian', 'Paul Russo', 'Bill Holland', 'Carl Scarborough', 'Duke Nalon', 'Jackie Holmes', 'Jerry Hoyt', 'Travis Webb', 'Jimmy Daywalt', 'Eddie Johnson', 'Jim Rathmann', 'Rodger Ward', 'Johnnie Parsons', 'Marshall Teague', 'Duke Dinsmore', 'Jimmy Davies', 'Walt Faulkner', 'Cal Niday', 'Johnny Mantz']"
1953,Kuzma,"['Tony Bettenhausen', 'Manny Ayulo', 'Pat Flaherty', 'Bob Sweikert']"
1953,Maserati,"['Juan Fangio', 'José Froilán González', 'Toulo de Graffenried', 'Felice Bonetto', 'Onofre Marimón', 'Hermann Lang', 'Oscar Gálvez', 'Prince Bira', 'Sergio Mantovani', 'Luigi Musso', 'Johnny Claes', 'Chico Landi']"
1953,OSCA,"['Louis Chiron', 'Élie Bayol']"
1953,Schroeder,['Jimmy Bryan']
1953,Simca,"['Georges Berger', 'Pablo Birger']"
1953,Stevens,['Ernie McCoy']
1953,Turner,['Mike Nazaruk']
1953,Veritas,"['Arthur Legat', 'Theo Helfrich', 'Ernst Loof', 'Erwin Bauer', 'Willi Heeks', 'Oswald Karch', 'Hans Herrmann', 'Wolfgang Seidel']"
1953,Watson,['Don Freeland']
1954,Bromme,"['Travis Webb', 'Danny Kladis']"
1954,Connaught,"['Leslie Marr', 'Don Beauman', 'Bill Whitehouse', 'John Riseley-Prichard', 'Leslie Thorne']"
1954,Cooper,"['Rodney Nuckey', 'Peter Whitehead', 'Eric Brandon', 'Alan Brown', 'Horace Gould', 'Bob Gerard']"
1954,Ferrari,"['Robert Manzon', 'Nino Farina', 'Mike Hawthorn', 'Umberto Maglioli', 'Louis Rosier', 'Jacques Swaters', 'Reg Parnell', 'Oliver Bearman', 'Piero Taruffi', 'José Froilán González', 'Maurice Trintignant', 'Alberto Ascari']"
1954,Gordini,"['Élie Bayol', 'André Pilette', 'Jean Behra', 'Roger Loyer', 'Fred Wacker', 'Georges Berger', 'Jacques Pollet', 'Paul Frère', 'Clemar Bucci']"
1954,HWM,['Lance Macklin']
1954,Klenk,['Theo Helfrich']
1954,Kurtis Kraft,"['Bill Vukovich', 'Jack McGrath', 'Mike Nazaruk', 'Troy Ruttman', 'Duane Carter', 'Frank Armi', 'Jimmy Jackson', 'Jerry Hoyt', 'Larry Crockett', 'Ernie McCoy', 'Art Cross', 'Pat Flaherty', 'Jim Rathmann', 'Bill Homeier', 'Gene Hartley', 'Tony Bettenhausen', 'Paul Russo', 'Johnnie Parsons', ""Pat O'Connor"", 'Sam Hanks', 'Marshall Teague', 'Fred Agabashian', 'Bob Sweikert', 'Jimmy Davies']"
1954,Kuzma,"['Jimmy Bryan', 'Manny Ayulo', 'Chuck Stevenson', 'Walt Faulkner']"
1954,Lancia,"['Luigi Villoresi', 'Alberto Ascari']"
1954,Maserati,"['Juan Fangio', 'Luigi Musso', 'Roberto Mieres', 'Onofre Marimón', 'Stirling Moss', 'Sergio Mantovani', 'Prince Bira', 'Luigi Villoresi', 'Alberto Ascari', 'Harry Schell', 'Ken Wharton', 'Paco Godia', 'Louis Rosier', 'Toulo de Graffenried', 'Jorge Daponte', 'Giovanni de Riu', 'Roy Salvadori', 'Carlos Menditeguy', 'Ottorino Volonterio', 'Ron Flockhart']"
1954,Mercedes,"['Juan Fangio', 'Karl Kling', 'Hans Herrmann', 'Hermann Lang']"
1954,Nichels,['Johnny Thomson']
1954,Pankratz,['Jimmy Reece']
1954,Pawl,"['Eddie Johnson', 'Rodger Ward']"
1954,Phillips,['Don Freeland']
1954,Schroeder,['Len Duncan']
1954,Stevens,"['Cal Niday', 'Ed Elisian']"
1954,Vanwall,['Peter Collins']
1955,Arzani-Volpini,['Luigi Piotti']
1955,Connaught,"['Kenneth McAlpine', 'Leslie Marr', 'Jack Fairman', 'Tony Rolt']"
1955,Cooper,['Jack Brabham']
1955,Epperly,['Jim Rathmann']
1955,Ferrari,"['Paul Frère', 'Nino Farina', 'Mike Hawthorn', 'Umberto Maglioli', 'Luigi Villoresi', 'Eugenio Castellotti', 'Piero Taruffi', 'Harry Schell', 'Oliver Bearman', 'José Froilán González', 'Maurice Trintignant']"
1955,Gordini,"['Jacques Pollet', 'Hernando da Silva Ramos', 'Jesús Iglesias', 'Robert Manzon', 'Pablo Birger', 'Mike Sparken', 'Élie Bayol', 'Jean Lucas']"
1955,HWM,['Ted Whiteaway']
1955,Kurtis Kraft,"['Bob Sweikert', 'Jimmy Davies', 'Paul Russo', 'Tony Bettenhausen', 'Walt Faulkner', 'Bill Vukovich', 'Bill Homeier', 'Cal Niday', 'Art Cross', 'Jack McGrath', 'Fred Agabashian', 'Andy Linden', 'Johnny Boyd', 'Al Herman', 'Jimmy Daywalt', 'Al Keller', 'Pat Flaherty', 'Ray Crawford', 'Chuck Weyant', 'Johnnie Parsons', 'Ed Elisian', ""Pat O'Connor"", 'Sam Hanks']"
1955,Kuzma,"['Johnny Thomson', 'Duane Carter', 'Jimmy Bryan', 'Rodger Ward']"
1955,Lancia,"['Eugenio Castellotti', 'Luigi Villoresi', 'Alberto Ascari', 'Louis Chiron']"
1955,Maserati,"['Roberto Mieres', 'Jean Behra', 'Luigi Musso', 'Cesare Perdisa', 'Carlos Menditeguy', 'Harry Schell', 'Lance Macklin', 'Sergio Mantovani', 'Louis Rosier', 'Clemar Bucci', 'John Fitch', 'Alberto Uria', 'Horace Gould', 'Peter Collins', 'Roy Salvadori']"
1955,Mercedes,"['Juan Fangio', 'Stirling Moss', 'Piero Taruffi', 'Karl Kling', 'Hans Herrmann']"
1955,Pankratz,['Jimmy Reece']
1955,Pawl,['Eddie Russo']
1955,Phillips,['Don Freeland']
1955,Schroeder,['Keith Andrews']
1955,Stevens,['Jerry Hoyt']
1955,Trevis,"['Eddie Johnson', 'Shorty Templeman']"
1955,Vanwall,"['Harry Schell', 'Mike Hawthorn', 'Ken Wharton']"
1956,BRM,"['Ron Flockhart', 'Tony Brooks']"
1956,Bugatti,['Maurice Trintignant']
1956,Connaught,"['Jack Fairman', 'Ron Flockhart', 'Archie Scott Brown', 'Desmond Titterington', 'Piero Scotti', 'Les Leston']"
1956,Cooper,['Bob Gerard']
1956,Emeryson,['Paul Emery']
1956,Ferrari,"['Olivier Gendebien', 'Giorgio Scarlatti', 'Paul Frère', 'Alfonso de Portago', 'Wolfgang von Trips', 'Oliver Bearman', 'Juan Fangio', 'Eugenio Castellotti', 'Luigi Musso', 'Peter Collins']"
1956,Gordini,"['Hernando da Silva Ramos', 'André Milhoux', 'Robert Manzon', 'André Simon', 'Élie Bayol']"
1956,Kurtis Kraft,"['Sam Hanks', 'Johnnie Parsons', 'Dick Rathmann', 'Paul Russo', 'Ed Elisian', ""Pat O'Connor"", 'Andy Linden', 'Fred Agabashian', 'Duke Dinsmore', 'Keith Andrews', 'Johnnie Tolan', 'Rodger Ward', 'Jim Rathmann', 'Bob Veith', 'Bob Christie', 'Troy Ruttman', 'Tony Bettenhausen', 'Eddie Russo', 'Johnny Boyd', 'Al Herman', 'Jimmy Daywalt', 'Al Keller', 'Ray Crawford', 'Jack Turner']"
1956,Kuzma,"['Billy Garrett', 'Bob Sweikert', 'Johnny Thomson', 'Eddie Johnson', 'Gene Hartley', 'Jimmy Bryan']"
1956,Lesovsky,['Jimmy Reece']
1956,Maserati,"['Stirling Moss', 'Jean Behra', 'Paco Godia', 'Cesare Perdisa', 'Harry Schell', 'Luigi Villoresi', 'Hernando da Silva Ramos', 'Louis Rosier', 'Horace Gould', 'Gerino Gerini', 'Chico Landi', 'Luigi Piotti', 'Ottorino Volonterio', 'Toulo de Graffenried', 'André Simon', 'Roy Salvadori', 'Alberto Uria', 'Jack Brabham', 'Louis Chiron', 'Umberto Maglioli', 'Carlos Menditeguy', 'Bruce Halford', 'Jo Bonnier', 'Óscar González']"
1956,Phillips,['Don Freeland']
1956,Stevens,['Cliff Griffith']
1956,Vanwall,"['Harry Schell', 'Colin Chapman', 'Maurice Trintignant', 'Piero Taruffi']"
1956,Watson,['Pat Flaherty']
1957,BRM,"['Herbert MacKay-Fraser', 'Jack Fairman', 'Ron Flockhart']"
1957,Connaught,['Stuart Lewis-Evans']
1957,Cooper,"['Mike MacDowel', 'Dick Gibson', 'Bob Gerard', 'Jack Brabham', 'Tony Marsh', 'Brian Naylor', 'Paul England']"
1957,Dunn,['Al Herman']
1957,Epperly,"['Sam Hanks', 'Jim Rathmann']"
1957,Ferrari,"['Mike Hawthorn', 'Alessandro de Tomaso', 'Alfonso de Portago', 'Wolfgang von Trips', 'Eugenio Castellotti', 'Oliver Bearman', 'Cesare Perdisa', 'José Froilán González', 'Maurice Trintignant', 'Luigi Musso', 'Peter Collins']"
1957,Kurtis Kraft,"['Paul Russo', 'Andy Linden', 'Mike Magill', 'Jimmy Reece', 'Johnnie Parsons', 'Johnnie Tolan', 'Ed Elisian', ""Pat O'Connor"", 'Elmer George', 'Jack Turner', 'Marshall Teague', 'Don Edmunds', 'Fred Agabashian', 'Bill Cheesbourg', 'Bob Christie', 'Eddie Johnson', 'Al Keller', 'Don Freeland', 'Tony Bettenhausen', 'Eddie Russo', 'Johnny Boyd', 'Jimmy Daywalt']"
1957,Kuzma,"['Jimmy Bryan', 'Chuck Weyant', 'Johnny Thomson', 'Eddie Sachs']"
1957,Lesovsky,"['Rodger Ward', 'Gene Hartley']"
1957,Maserati,"['Juan Fangio', 'Stirling Moss', 'Masten Gregory', 'Harry Schell', 'Jean Behra', 'Carlos Menditeguy', 'Giorgio Scarlatti', 'Jo Bonnier', 'Paco Godia', 'Horace Gould', 'Luigi Piotti', 'Bruce Halford', 'André Simon', 'Ottorino Volonterio', 'Hans Herrmann']"
1957,Phillips,['Bob Veith']
1957,Porsche,"['Umberto Maglioli', 'Carel Godin de Beaufort', 'Edgar Barth']"
1957,Vanwall,"['Stirling Moss', 'Tony Brooks', 'Stuart Lewis-Evans']"
1957,Watson,['Troy Ruttman']
1958,BRM,"['Harry Schell', 'Maurice Trintignant', 'Jean Behra', 'Jo Bonnier', 'Ron Flockhart']"
1958,Connaught,"['Bruce Kessler', 'Paul Emery', 'Jack Fairman', 'Bernie Ecclestone']"
1958,Cooper,"['Stirling Moss', 'Roy Salvadori', 'Maurice Trintignant', 'Jack Brabham', 'Bruce McLaren', 'Jack Fairman', 'Robert La Caze', 'André Guelfi', 'Wolfgang Seidel', 'Christian Goethals', 'Ron Flockhart', 'François Picard', 'Ian Burgess', 'Tom Bridger', 'Tony Marsh', 'Brian Naylor', 'Dick Gibson']"
1958,Dunn,['Chuck Weyant']
1958,Epperly,"['Jimmy Bryan', 'George Amick', 'Tony Bettenhausen', 'Jim Rathmann']"
1958,Ferrari,"['Olivier Gendebien', 'Mike Hawthorn', 'Phil Hill', 'Wolfgang von Trips', 'Oliver Bearman', 'Luigi Musso', 'Peter Collins']"
1958,Kurtis Kraft,"['Johnny Boyd', 'Mike Magill', 'Bill Cheesbourg', 'Johnnie Parsons', 'Billy Garrett', ""Pat O'Connor"", 'Jerry Unser', 'Al Keller', 'Paul Russo', 'Paul Goldsmith', 'Johnny Thomson', 'Eddie Johnson', 'Bob Veith', 'Bob Christie', 'Shorty Templeman', 'Len Sutton']"
1958,Kuzma,"['Johnnie Tolan', 'Art Bisch', 'Eddie Sachs', 'Anthony Foyt', 'Dempsey Wilson']"
1958,Lesovsky,"['Jack Turner', 'Rodger Ward']"
1958,Maserati,"['Harry Schell', 'Maurice Trintignant', 'Phil Hill', 'Jean Behra', 'Juan Fangio', 'Cliff Allison', 'Jo Bonnier', 'Masten Gregory', 'Ken Kavanagh', 'Carroll Shelby', 'Paco Godia', 'Gerino Gerini', 'Hans Herrmann', 'Luigi Taramazzo', 'Louis Chiron', 'Wolfgang Seidel', 'André Testut', 'Giorgio Scarlatti', 'Carlos Menditeguy', 'Troy Ruttman', 'Horace Gould', 'Maria de Filippis']"
1958,OSCA,['Luigi Piotti']
1958,Phillips,['Don Freeland']
1958,Porsche,"['Carel Godin de Beaufort', 'Edgar Barth']"
1958,Team Lotus,"['Cliff Allison', 'Graham Hill', 'Alan Stacey']"
1958,Vanwall,"['Stirling Moss', 'Tony Brooks', 'Stuart Lewis-Evans']"
1958,Watson,"['Jud Larson', 'Jimmy Reece', 'Ed Elisian', 'Dick Rathmann']"
1959,Aston Martin,"['Roy Salvadori', 'Carroll Shelby']"
1959,BRM,"['Stirling Moss', 'Jo Bonnier', 'Harry Schell', 'Ron Flockhart']"
1959,Christensen,['Jack Turner']
1959,Connaught,['Bob Said']
1959,Cooper-Borgward,"['George Constantine', 'Chris Bristow']"
1959,Cooper-Climax,"['Jack Brabham', 'Stirling Moss', 'Maurice Trintignant', 'Bruce McLaren', 'Masten Gregory', 'Harry Schell', 'Alain de Changy', 'Jean Lucienbonnet', 'Mike Taylor', 'Peter Ashdown', 'Bill Moss', 'Lucien Bianchi', 'Trevor Taylor', 'Tim Parnell', 'Keith Greene', 'Henry Taylor']"
1959,Cooper-Maserati,"['Roy Salvadori', 'Mário de Araújo Cabral', 'Ian Burgess', 'Colin Davis']"
1959,Cooper-OSCA,['Alessandro de Tomaso']
1959,Dunn,['Al Herman']
1959,Elder,['Ray Crawford']
1959,Epperly,"['Tony Bettenhausen', 'Paul Goldsmith', 'Johnny Boyd', 'Jimmy Bryan']"
1959,Ferrari,"['Olivier Gendebien', 'Dan Gurney', 'Cliff Allison', 'Jean Behra', 'Tony Brooks', 'Phil Hill', 'Wolfgang von Trips', 'Oliver Bearman']"
1959,Fry,['Mike Parkes']
1959,JBW,['Brian Naylor']
1959,Kurtis Kraft,"['Rodger Ward', 'Paul Russo', 'Jim McWithey', 'Jimmy Daywalt', 'Chuck Arnold', 'Chuck Weyant', 'Jud Larson', 'Eddie Johnson', 'Bob Christie', 'Red Amick', 'Duane Carter', 'Bobby Grim', 'Don Freeland']"
1959,Kuzma,"['Al Keller', 'Bill Cheesbourg', 'Eddie Sachs', 'Anthony Foyt', 'Gene Hartley']"
1959,Lesovsky,"['Johnny Thomson', 'Len Sutton']"
1959,Maserati,"['Giulio Cabianca', 'André Testut', ""Fritz d'Orey"", 'Azdrubal Fontes', 'Phil Cade']"
1959,Moore,['Bob Veith']
1959,Phillips,['Don Branson']
1959,Porsche,"['Wolfgang von Trips', 'Maria de Filippis', 'Harry Blanchard']"
1959,Sutton,['Mike Magill']
1959,Team Lotus,"['Innes Ireland', 'Graham Hill', 'Alan Stacey', 'David Piper', 'Pete Lovely', 'Bruce Halford', 'Dennis Taylor']"
1959,Tec-Mec,"[""Fritz d'Orey""]"
1959,Vanwall,['Tony Brooks']
1959,Watson,"['Rodger Ward', 'Jim Rathmann', 'Dick Rathmann', 'Pat Flaherty']"
1960,Aston Martin,"['Maurice Trintignant', 'Roy Salvadori']"
1960,BRM,"['Graham Hill', 'Jo Bonnier', 'Dan Gurney']"
1960,Behra-Porsche,['Fred Gamble']
1960,Christensen,['Jim Hurtubise']
1960,Cooper-Castellotti,"['Giulio Cabianca', 'Pete Lovely']"
1960,Cooper-Climax,"['Jack Brabham', 'Bruce McLaren', 'Stirling Moss', 'Phil Hill', 'Olivier Gendebien', 'Tony Brooks', 'Henry Taylor', 'Lucien Bianchi', 'Ron Flockhart', 'Maurice Trintignant', 'Roy Salvadori', 'Chuck Daigh', 'Vic Wilson', 'Piero Drogo', 'Arthur Owen', 'Jack Fairman', 'Wolfgang Seidel', 'Harry Schell', 'Chris Bristow', 'Bruce Halford', 'Carel Godin de Beaufort']"
1960,Cooper-Maserati,"['Wolfgang von Trips', 'Carlos Menditeguy', 'Maurice Trintignant', 'Keith Greene', 'Ian Burgess', 'Brian Naylor', 'Alfonso Thiele', 'Roberto Bonomi', 'Mário de Araújo Cabral']"
1960,Epperly,"['Paul Goldsmith', 'Johnny Boyd', 'Jimmy Bryan', 'Wayne Weiler', 'Jim McWithey', 'Red Amick']"
1960,Ewing,"['Eddie Sachs', 'Al Herman']"
1960,Ferrari,"['Cliff Allison', 'Willy Mairesse', 'Phil Hill', 'Wolfgang von Trips', 'Oliver Bearman', 'José Froilán González']"
1960,JBW,['Brian Naylor']
1960,Kurtis Kraft,"['Shorty Templeman', 'Don Freeland', 'Anthony Foyt', 'Eddie Russo', 'Gene Force', 'Gene Hartley', 'Dempsey Wilson', 'Bob Christie']"
1960,Kuzma,"['Bill Homeier', 'Duane Carter']"
1960,Lesovsky,['Johnny Thomson']
1960,Maserati,"['Bob Drake', 'Antonio Creus', 'Ettore Chimeri', 'Nasif Estéfano', 'Horace Gould']"
1960,Meskowski,"['Bobby Grim', 'Bob Veith']"
1960,Phillips,['Don Branson']
1960,Porsche,"['Hans Herrmann', 'Edgar Barth']"
1960,Scarab,['Chuck Daigh']
1960,Team Lotus,"['Stirling Moss', 'Innes Ireland', 'Jim Clark', 'John Surtees', 'Ron Flockhart', 'Jim Hall', 'Mike Taylor', 'David Piper', 'Alberto Rodriguez Larreta', 'Alan Stacey']"
1960,Trevis,"['Eddie Johnson', 'Bud Tingelstad']"
1960,Vanwall,['Tony Brooks']
1960,Watson,"['Jim Rathmann', 'Rodger Ward', 'Troy Ruttman', 'Tony Bettenhausen', 'Len Sutton', 'Dick Rathmann', 'Chuck Stevenson', 'Lloyd Ruby']"
1961,BRM,"['Tony Brooks', 'Graham Hill']"
1961,Cooper-Climax,"['Bruce McLaren', 'Jack Brabham', 'John Surtees', 'Jackie Lewis', 'Roy Salvadori', 'Roger Penske', 'Masten Gregory', 'Hap Sharp', 'Geoff Duke', 'Alfonso Thiele', 'Walt Hansgen', 'Bernard Collomb', 'John Campbell-Jones', 'Menato Boffa']"
1961,Cooper-Maserati,"['Massimo Natili', 'Lorenzo Bandini', 'Maurice Trintignant']"
1961,De Tomaso-Alfa Romeo,"['Roberto Bussinello', 'Nino Vaccarella']"
1961,De Tomaso-Osca,"['Giorgio Scarlatti', 'Roberto Lippi']"
1961,Emeryson,"['Olivier Gendebien', 'André Pilette']"
1961,Ferguson,['Stirling Moss']
1961,Ferrari,"['Olivier Gendebien', 'Richie Ginther', 'Phil Hill', 'Wolfgang von Trips', 'Oliver Bearman', 'Giancarlo Baghetti', 'Ricardo Rodríguez']"
1961,Gilby,['Keith Greene']
1961,JBW,['Brian Naylor']
1961,Lotus-Climax,"['Stirling Moss', 'Innes Ireland', 'Jim Clark', 'Olivier Gendebien', 'Ernesto Prinoth', 'Cliff Allison', 'Peter Ryan', 'Masten Gregory', 'Michael May', 'Henry Taylor', 'Juan Manuel Bordeu', 'Tony Marsh', 'Jim Hall', 'Lloyd Ruby', 'Gerry Ashmore', 'Wolfgang Seidel', 'Trevor Taylor', 'Ken Miles', 'Tony Maggs', 'Tim Parnell']"
1961,Lotus-Maserati,['Gaetano Starrabba']
1961,MBM,['Peter Monteverdi']
1961,Porsche,"['Dan Gurney', 'Jo Bonnier', 'Hans Herrmann', 'Carel Godin de Beaufort', 'Edgar Barth']"
1962,BRM,"['Graham Hill', 'Richie Ginther', 'Bruce Johnstone', 'Tony Marsh']"
1962,Brabham,['Jack Brabham']
1962,Cooper-Alfa Romeo,['Mike Harris']
1962,Cooper-Climax,"['Bruce McLaren', 'Tony Maggs', 'John Love', 'Ian Burgess', 'Hap Sharp', 'Bernard Collomb', 'Timmy Mayer']"
1962,De Tomaso,['Nasif Estéfano']
1962,De Tomaso-Alfa Romeo,['Roberto Bussinello']
1962,De Tomaso-Osca,['Roberto Lippi']
1962,Emeryson,['Tony Settember']
1962,Ferrari,"['Willy Mairesse', 'Phil Hill', 'Lorenzo Bandini', 'Oliver Bearman', 'Giancarlo Baghetti', 'Ricardo Rodríguez']"
1962,LDS,['Doug Serrurier']
1962,Lola,"['John Surtees', 'Roy Salvadori']"
1962,Lotus-BRM,['Günther Seiffert']
1962,Lotus-Borgward,['Kurt Kuhnke']
1962,Lotus-Climax,"['Jim Clark', 'Jack Brabham', 'Trevor Taylor', 'Innes Ireland', 'Neville Lederle', 'Ernie Pieterse', 'Jay Chamberlain', 'Ernesto Prinoth', 'Roger Penske', 'Rob Schroeder', 'Gary Hocking', 'Syd van der Vyver', 'Carlo Abate', 'Jim Hall', 'Sam Tingle', 'Maurice Trintignant']"
1962,Porsche,"['Jo Bonnier', 'Carel Godin de Beaufort', 'Colin Davis', 'Ben Pon', 'Rob Slotemaker', 'Heini Walter']"
1962,Team Lotus,['Peter Arundell']
1963,ATS,['Giancarlo Baghetti']
1963,Alfa Romeo,['Peter de Klerk']
1963,BRM,"['Graham Hill', 'Richie Ginther', 'Lorenzo Bandini', 'Moisés Solana']"
1963,Brabham,"['Dan Gurney', 'Jack Brabham', 'David Prophet']"
1963,Cooper-Climax,"['Bruce McLaren', 'Tony Maggs', 'Jo Bonnier', 'John Love', 'Frank Dochnal', 'Mário de Araújo Cabral']"
1963,Cooper-Maserati,"['Ernesto Brambilla', 'Trevor Blokdyk']"
1963,De Tomaso,['Nasif Estéfano']
1963,De Tomaso-Ferrari,['Roberto Lippi']
1963,Ferrari,"['John Surtees', 'Ludovico Scarfiotti', 'Willy Mairesse', 'Oliver Bearman', 'Lorenzo Bandini']"
1963,Gilby,['Ian Raby']
1963,LDS,"['Doug Serrurier', 'Sam Tingle']"
1963,Lola,"['Mike Hailwood', 'Lucien Bianchi', 'Bob Anderson']"
1963,Lotus-BRM,"['Jim Hall', 'Jo Siffert', 'Günther Seiffert', 'Rodger Ward', 'Paddy Driver', 'Hap Sharp']"
1963,Lotus-Borgward,['Kurt Kuhnke']
1963,Lotus-Climax,"['Jim Clark', 'Jack Brabham', 'Trevor Taylor', 'Mike Hailwood', 'Tim Parnell', 'Mike Spence', 'Ernie Pieterse', 'Neville Lederle', 'Peter Arundell', 'Bernard Collomb', 'André Pilette', 'Pedro Rodríguez', 'Thomas Monarch']"
1963,Lotus-Ford,['Brausch Niemann']
1963,Lotus-Maserati,['Gaetano Starrabba']
1963,Porsche,"['Gerhard Mitter', 'Carel Godin de Beaufort', 'Carlo Abate']"
1963,Scirocco,"['Tony Settember', 'Ian Burgess']"
1963,Stebro,"['Peter Broeker', 'Ernie de Vos']"
1964,BRM,"['Graham Hill', 'Richie Ginther', 'Tony Maggs', 'Maurice Trintignant', 'Giancarlo Baghetti', 'Richard Attwood']"
1964,BRP,"['Innes Ireland', 'Trevor Taylor']"
1964,Brabham-BRM,"['Jo Siffert', 'Jo Bonnier', 'Hap Sharp', 'Ian Raby', 'Giacomo Russo', 'Jochen Rindt']"
1964,Brabham-Climax,"['Dan Gurney', 'Jack Brabham', 'Jo Siffert', 'Bob Anderson', 'Jo Bonnier']"
1964,Brabham-Ford,['Frank Gardner']
1964,Cooper-Climax,"['Bruce McLaren', 'Jo Bonnier', 'Phil Hill', 'Edgar Barth', 'John Love', 'John Taylor']"
1964,Derrington,['Mário de Araújo Cabral']
1964,Ferrari,"['John Surtees', 'Ludovico Scarfiotti', 'Oliver Bearman', 'Pedro Rodríguez', 'Lorenzo Bandini']"
1964,Honda,['Ronnie Bucknum']
1964,Lotus-BRM,"['Jo Siffert', 'Innes Ireland', 'Chris Amon', 'Trevor Taylor', 'Mike Hailwood', 'Bernard Collomb']"
1964,Lotus-Climax,"['Jim Clark', 'Peter Arundell', 'Mike Spence', 'Chris Amon', 'Walt Hansgen', 'Moisés Solana', 'Gerhard Mitter']"
1964,Porsche,['Carel Godin de Beaufort']
1964,Scirocco,['André Pilette']
1965,Alfa Romeo,['Peter de Klerk']
1965,BRM,"['Graham Hill', 'Jackie Stewart', 'Masten Gregory', 'Roberto Bussinello', 'Lucien Bianchi', 'Giorgio Bassi']"
1965,Brabham-BRM,"['Jo Siffert', 'Frank Gardner']"
1965,Brabham-Climax,"['Dan Gurney', 'Jack Brabham', 'Denny Hulme', 'Jo Bonnier', 'Giancarlo Baghetti', 'Bob Anderson']"
1965,Brabham-Ford,['David Prophet']
1965,Cooper-Climax,"['Bruce McLaren', 'Jochen Rindt', 'John Rhodes', 'Alex Blignaut', 'John Love']"
1965,Cooper-Ford,"['Alan Rollinson', 'Trevor Blokdyk']"
1965,Cooper-Maserati,['David Clapham']
1965,Ferrari,"['John Surtees', 'Ludovico Scarfiotti', 'Bob Bondurant', 'Oliver Bearman', 'Nino Vaccarella', 'Pedro Rodríguez', 'Lorenzo Bandini']"
1965,Honda,"['Richie Ginther', 'Ronnie Bucknum']"
1965,LDS-Alfa Romeo,"['Sam Tingle', 'Jackie Pretorius']"
1965,LDS-Climax,['Doug Serrurier']
1965,Lotus-BRM,"['Richard Attwood', 'Chris Amon', 'Innes Ireland', 'Bob Bondurant', 'Tony Maggs', 'Mike Hailwood']"
1965,Lotus-Climax,"['Jim Clark', 'Mike Spence', 'Ernie Pieterse', 'Clive Puzey', 'Moisés Solana', 'Brian Gubby', 'Gerhard Mitter', 'Neville Lederle', 'Giacomo Russo']"
1965,Lotus-Ford,"['Brausch Niemann', 'Dave Charlton']"
1965,RE,['Ray Reed']
1966,BRM,"['Graham Hill', 'Jackie Stewart', 'Bob Bondurant', 'Vic Wilson', 'Innes Ireland']"
1966,Brabham-BRM,"['Jo Siffert', 'John Taylor']"
1966,Brabham-Climax,"['Denny Hulme', 'Jo Bonnier', 'Bob Anderson', 'Chris Irwin']"
1966,Brabham-Repco,"['Jack Brabham', 'Denny Hulme']"
1966,Cooper-Ferrari,['Chris Lawrence']
1966,Cooper-Maserati,"['John Surtees', 'Jochen Rindt', 'Richie Ginther', 'Jo Siffert', 'Jo Bonnier', 'Guy Ligier', 'Moisés Solana']"
1966,Eagle-Climax,"['Dan Gurney', 'Bob Bondurant', 'Phil Hill']"
1966,Eagle-Weslake,"['Dan Gurney', 'Bob Bondurant']"
1966,Ferrari,"['John Surtees', 'Mike Parkes', 'Ludovico Scarfiotti', 'Oliver Bearman', 'Giancarlo Baghetti', 'Lorenzo Bandini']"
1966,Honda,"['Richie Ginther', 'Ronnie Bucknum']"
1966,Lotus-BRM,"['Jim Clark', 'Mike Spence', 'Peter Arundell', 'Pedro Rodríguez']"
1966,Lotus-Climax,"['Jim Clark', 'Peter Arundell', 'Pedro Rodríguez', 'Giacomo Russo']"
1966,McLaren-Ford,['Bruce McLaren']
1966,McLaren-Serenissima,['Bruce McLaren']
1966,Shannon,['Trevor Taylor']
1967,BRM,"['Jackie Stewart', 'Mike Spence', 'Chris Irwin']"
1967,Brabham-Climax,"['Bob Anderson', 'Luki Botha', 'Dave Charlton']"
1967,Brabham-Repco,"['Denny Hulme', 'Jack Brabham', 'Guy Ligier']"
1967,Cooper-ATS,['Silvio Moser']
1967,Cooper-Climax,"['John Love', 'Tom Jones']"
1967,Cooper-Maserati,"['Pedro Rodríguez', 'Jo Siffert', 'Jochen Rindt', 'Jo Bonnier', 'Guy Ligier', 'Richard Attwood']"
1967,Eagle-Climax,"['Dan Gurney', 'Richie Ginther', 'Al Pease']"
1967,Eagle-Weslake,"['Dan Gurney', 'Bruce McLaren']"
1967,Ferrari,"['Chris Amon', 'Jonathan Williams', 'Oliver Bearman', 'Mike Parkes', 'Lorenzo Bandini']"
1967,Honda,['John Surtees']
1967,LDS-Climax,['Sam Tingle']
1967,Lola,['Hubert Hahne']
1967,Lotus-BRM,"['Jim Clark', 'Graham Hill', 'Chris Irwin', 'Mike Fisher', 'Moisés Solana']"
1967,Lotus-Climax,['Jim Clark']
1967,Lotus-Ford,"['Jim Clark', 'Graham Hill', 'Jackie Oliver', 'Moisés Solana', 'Eppie Wietzes', 'Giancarlo Baghetti']"
1967,Matra,"['Jean-Pierre Beltoise', 'Jo Schlesser', 'Johnny Servoz-Gavin']"
1967,McLaren-BRM,['Bruce McLaren']
1967,McLaren-Ford,['Jean-Pierre Beltoise']
1967,Protos,"['Brian Hart', 'Kurt Ahrens']"
1968,BRM,"['Pedro Rodríguez', 'Richard Attwood', 'Piers Courage', 'Frank Gardner', 'Mike Spence', 'Bobby Unser']"
1968,Brabham-Climax,['Jackie Pretorius']
1968,Brabham-Repco,"['Jochen Rindt', 'Dan Gurney', 'Jack Brabham', 'Silvio Moser', 'Kurt Ahrens', 'Dave Charlton', 'John Love']"
1968,Cooper-BRM,"['Ludovico Scarfiotti', 'Johnny Servoz-Gavin', 'Lucien Bianchi', 'Vic Elford', 'Robin Widdows']"
1968,Cooper-Climax,['Basil van Rooyen']
1968,Cooper-Maserati,"['Jo Siffert', 'Jo Bonnier']"
1968,Eagle-Weslake,['Dan Gurney']
1968,Ferrari,"['Chris Amon', 'Derek Bell', 'Jacky Ickx', 'Andrea de Adamich', 'Oliver Bearman']"
1968,Honda,"['John Surtees', 'Jo Bonnier', 'Jo Schlesser', 'David Hobbs']"
1968,LDS,['Sam Tingle']
1968,Lola,['Hubert Hahne']
1968,Lotus-Ford,"['Graham Hill', 'Jo Siffert', 'Jim Clark', 'Jackie Oliver', 'Mario Andretti', 'Moisés Solana', 'Bill Brack']"
1968,Matra,"['Jean-Pierre Beltoise', 'Henri Pescarolo']"
1968,Matra-Ford,"['Jackie Stewart', 'Jean-Pierre Beltoise', 'Johnny Servoz-Gavin']"
1968,McLaren,"['Denny Hulme', 'Bruce McLaren']"
1968,McLaren-BRM,"['Denny Hulme', 'Jo Bonnier']"
1968,McLaren-Ford,"['Denny Hulme', 'Bruce McLaren', 'Dan Gurney']"
1969,BRM,"['John Surtees', 'Pedro Rodríguez', 'Jackie Oliver', 'George Eaton', 'Bill Brack']"
1969,BRM-Ford,['Jackie Oliver']
1969,Brabham-Climax,['John Cordts']
1969,Brabham-Ford,"['Jacky Ickx', 'Piers Courage', 'Jack Brabham', 'Silvio Moser']"
1969,Brabham-Repco,"['Peter de Klerk', 'Sam Tingle']"
1969,Eagle-Climax,['Al Pease']
1969,Ferrari,"['Pedro Rodríguez', 'Chris Amon', 'Oliver Bearman']"
1969,Lotus-Ford,"['Jochen Rindt', 'Graham Hill', 'Jo Siffert', 'Richard Attwood', 'Pete Lovely', 'Mario Andretti', 'John Miles', 'John Love', 'Jo Bonnier']"
1969,Matra-Ford,"['Jackie Stewart', 'Jean-Pierre Beltoise', 'Johnny Servoz-Gavin']"
1969,McLaren-Ford,"['Bruce McLaren', 'Jean-Pierre Beltoise', 'Denny Hulme', 'Derek Bell', 'Basil van Rooyen']"
1970,BRM,"['Pedro Rodríguez', 'Jackie Oliver', 'George Eaton', 'Peter Westbury']"
1970,Bellasi,['Silvio Moser']
1970,Brabham,"['Jack Brabham', 'Rolf Stommelen', 'Gus Hutchison', 'Peter de Klerk']"
1970,De Tomaso,"['Piers Courage', 'Tim Schenken', 'Brian Redman']"
1970,Ferrari,"['Clay Regazzoni', 'Jacky Ickx', 'Ignazio Giunti', 'Oliver Bearman']"
1970,March,"['Jackie Stewart', 'Chris Amon', 'Mario Andretti', 'Johnny Servoz-Gavin', 'François Cevert', 'Jo Siffert', 'Hubert Hahne', 'Ronnie Peterson']"
1970,Matra,"['Jean-Pierre Beltoise', 'Henri Pescarolo']"
1970,McLaren-Alfa Romeo,"['Andrea de Adamich', 'Nanni Galli']"
1970,McLaren-Ford,"['Denny Hulme', 'Bruce McLaren', 'John Surtees', 'Peter Gethin', 'Dan Gurney', 'Jo Bonnier']"
1970,Surtees,['John Surtees']
1970,Team Lotus,"['Jochen Rindt', 'Emerson Fittipaldi', 'Graham Hill', 'Reine Wisell', 'John Miles', 'Pete Lovely', 'John Love', 'Alex Soler-Roig', 'Dave Charlton']"
1970,Tyrrell,['Jackie Stewart']
1971,BRM,"['Jo Siffert', 'Peter Gethin', 'Pedro Rodríguez', 'Howden Ganley', 'Helmut Marko', 'Vic Elford', 'John Cannon', 'George Eaton']"
1971,Bellasi,['Silvio Moser']
1971,Brabham,"['Tim Schenken', 'Graham Hill', 'Jackie Pretorius', 'Chris Craft']"
1971,Ferrari,"['Clay Regazzoni', 'Jacky Ickx', 'Oliver Bearman', 'Mario Andretti']"
1971,Lotus-Ford,"['Emerson Fittipaldi', 'Reine Wisell', 'Pete Lovely']"
1971,Lotus-Pratt &amp; Whitney,"['Emerson Fittipaldi', 'Reine Wisell', 'David Walker']"
1971,March-Alfa Romeo,"['Ronnie Peterson', 'Nanni Galli', 'Andrea de Adamich']"
1971,March-Ford,"['Ronnie Peterson', 'Henri Pescarolo', 'Niki Lauda', 'Nanni Galli', 'Max Jean', 'François Mazet', 'John Love', 'Alex Soler-Roig', 'Skip Barber', 'Mike Beuttler', 'Jean-Pierre Jarier']"
1971,Matra,"['Chris Amon', 'Jean-Pierre Beltoise']"
1971,McLaren,"['Peter Gethin', 'Denny Hulme', 'Mark Donohue', 'Jo Bonnier', 'David Hobbs', 'Jackie Oliver']"
1971,Surtees,"['Mike Hailwood', 'John Surtees', 'Rolf Stommelen', 'Derek Bell', 'Brian Redman', 'Gijs van Lennep', 'Sam Posey']"
1971,Tyrrell,"['Jackie Stewart', 'François Cevert', 'Peter Revson']"
1972,BRM,"['Jean-Pierre Beltoise', 'Howden Ganley', 'Brian Redman', 'Peter Gethin', 'Jackie Oliver', 'Reine Wisell', 'Helmut Marko', 'Alex Soler-Roig', 'Bill Brack']"
1972,Brabham,"['Graham Hill', 'Carlos Reutemann', 'Wilson Fittipaldi']"
1972,Connew,['François Migault']
1972,Ferrari,"['Jacky Ickx', 'Arturo Merzario', 'Oliver Bearman', 'Clay Regazzoni', 'Mario Andretti']"
1972,March,"['Ronnie Peterson', 'Carlos Pace', 'Niki Lauda', 'Rolf Stommelen', 'Mike Beuttler', 'Henri Pescarolo', 'Skip Barber']"
1972,Matra,['Chris Amon']
1972,McLaren,"['Denny Hulme', 'Peter Revson', 'Brian Redman', 'Jody Scheckter']"
1972,Politoys,['Henri Pescarolo']
1972,Surtees,"['Mike Hailwood', 'Andrea de Adamich', 'Tim Schenken', 'Sam Posey', 'John Love', 'John Surtees']"
1972,Team Lotus,"['Emerson Fittipaldi', 'David Walker', 'Reine Wisell', 'Dave Charlton']"
1972,Tecno,['Derek Bell']
1972,Tyrrell,"['Jackie Stewart', 'François Cevert', 'Patrick Depailler']"
1973,BRM,"['Jean-Pierre Beltoise', 'Niki Lauda', 'Clay Regazzoni', 'Peter Gethin']"
1973,Brabham,"['Carlos Reutemann', 'Wilson Fittipaldi', 'Rolf Stommelen', 'John Watson']"
1973,Ensign,['Rikky von Opel']
1973,Ferrari,"['Jacky Ickx', 'Arturo Merzario', 'Oliver Bearman']"
1973,Iso Marlboro,"['Jacky Ickx', 'Howden Ganley', 'Gijs van Lennep', 'Tim Schenken', 'Nanni Galli', 'Jackie Pretorius', 'Graham McRae']"
1973,March,"['James Hunt', 'Mike Beuttler', 'David Purley', 'Jean-Pierre Jarier', 'Reine Wisell', 'Roger Williamson']"
1973,McLaren,"['Peter Revson', 'Denny Hulme', 'Jacky Ickx', 'Jody Scheckter']"
1973,Shadow,"['George Follmer', 'Jackie Oliver', 'Graham Hill', 'Brian Redman']"
1973,Surtees,"['Carlos Pace', 'Mike Hailwood', 'Jochen Mass', 'Luiz Bueno']"
1973,Team Lotus,"['Emerson Fittipaldi', 'Ronnie Peterson', 'Dave Charlton']"
1973,Tecno,['Chris Amon']
1973,Tyrrell,"['Jackie Stewart', 'François Cevert', 'Chris Amon', 'Eddie Keizan']"
1974,Amon,"['Chris Amon', 'Larry Perkins']"
1974,BRM,"['Jean-Pierre Beltoise', 'Chris Amon', 'François Migault', 'Henri Pescarolo']"
1974,Brabham,"['Carlos Reutemann', 'Carlos Pace', 'John Watson', 'Carlo Facetti', 'Helmuth Koinigg', 'Gérard Larrousse', 'Ian Ashley', 'Rikky von Opel', 'Lella Lombardi', 'Teddy Pilette', 'Eppie Wietzes']"
1974,Ensign,"['Mike Wilds', 'Vern Schuppan']"
1974,Ferrari,"['Clay Regazzoni', 'Oliver Bearman', 'Niki Lauda']"
1974,Hesketh,['James Hunt']
1974,Iso Marlboro,"['Arturo Merzario', 'Tom Belsø', 'Jacques Laffite', 'Gijs van Lennep']"
1974,Lola,"['Graham Hill', 'Peter Gethin', 'Rolf Stommelen', 'Guy Edwards']"
1974,Lyncar,['John Nicholson']
1974,March,"['James Hunt', 'Hans-Joachim Stuck', 'Vittorio Brambilla', 'Reine Wisell', 'Mike Wilds']"
1974,McLaren,"['Emerson Fittipaldi', 'Denny Hulme', 'Mike Hailwood', 'Jochen Mass', 'David Hobbs', 'Dave Charlton']"
1974,Parnelli,['Mario Andretti']
1974,Penske,['Mark Donohue']
1974,Shadow,"['Jean-Pierre Jarier', 'Tom Pryce', 'Peter Revson', 'Bertil Roos', 'Brian Redman']"
1974,Surtees,"['Carlos Pace', 'Jochen Mass', 'Dieter Quester', 'Derek Bell', 'Helmuth Koinigg', 'Leo Kinnunen', 'José Dolhem']"
1974,Team Lotus,"['Ronnie Peterson', 'Jacky Ickx', 'Tim Schenken', 'Paddy Driver']"
1974,Token,"['Tom Pryce', 'Ian Ashley', 'David Purley']"
1974,Trojan,['Tim Schenken']
1974,Tyrrell,"['Jody Scheckter', 'Patrick Depailler', 'Eddie Keizan']"
1975,BRM,"['Mike Wilds', 'Bob Evans']"
1975,Brabham,"['Carlos Reutemann', 'Carlos Pace']"
1975,Embassy Hill,"['Tony Brise', 'Vern Schuppan']"
1975,Ensign,"['Gijs van Lennep', 'Chris Amon', 'Roelof Wunderink']"
1975,Ferrari,"['Clay Regazzoni', 'Oliver Bearman', 'Niki Lauda']"
1975,Fittipaldi,['Wilson Fittipaldi']
1975,Hesketh,"['James Hunt', 'Brett Lunger', 'Torsten Palm', 'Harald Ertl']"
1975,Lyncar,['John Nicholson']
1975,Maki,"['Hiroshi Fushida', 'Tony Trimmer']"
1975,March,"['Vittorio Brambilla', 'Lella Lombardi', 'Hans-Joachim Stuck']"
1975,McLaren,"['Emerson Fittipaldi', 'Jochen Mass', 'Dave Charlton']"
1975,Parnelli,['Mario Andretti']
1975,Penske,['John Watson']
1975,Shadow-Ford,"['Tom Pryce', 'Jean-Pierre Jarier']"
1975,Shadow-Matra,['Jean-Pierre Jarier']
1975,Surtees,"['John Watson', 'Dave Morgan']"
1975,Team Lotus,"['Ronnie Peterson', 'Jacky Ickx', 'Jim Crawford', 'John Watson', 'Eddie Keizan', 'Guy Tunmer', 'Brian Henton']"
1975,Tyrrell,"['Jody Scheckter', 'Patrick Depailler', 'Jean-Pierre Jabouille', 'Michel Leclère']"
1975,Williams,"['Jacques Laffite', 'Tony Brise', 'Lella Lombardi', 'Damien Magee', 'Ian Ashley', 'Renzo Zorzi', 'Jo Vonlanthen']"
1976,BRM,['Ian Ashley']
1976,Boro,['Larry Perkins']
1976,Brabham-Alfa Romeo,"['Carlos Pace', 'Larry Perkins']"
1976,Brabham-Ford,"['Loris Kessel', 'Damien Magee', 'Jac Nelleman', 'Emilio de Villota']"
1976,Ensign,['Hans Binder']
1976,Ferrari,"['Clay Regazzoni', 'Oliver Bearman', 'Niki Lauda']"
1976,Fittipaldi,"['Emerson Fittipaldi', 'Ingo Hoffmann']"
1976,Hesketh,"['Harald Ertl', 'Guy Edwards', 'Alex Ribeiro']"
1976,Kojima,['Masahiro Hasemi']
1976,Ligier,['Jacques Laffite']
1976,Maki,['Tony Trimmer']
1976,March,"['Ronnie Peterson', 'Hans-Joachim Stuck', 'Vittorio Brambilla', 'Arturo Merzario']"
1976,McLaren,"['James Hunt', 'Jochen Mass']"
1976,Parnelli,['Mario Andretti']
1976,Penske,"['John Watson', 'Boy Lunger']"
1976,Shadow,"['Tom Pryce', 'Jean-Pierre Jarier', 'Mike Wilds']"
1976,Surtees,"['Alan Jones', 'Noritake Takahara', 'Henri Pescarolo', 'Conny Andersson', 'Divina Galica', 'Brett Lunger']"
1976,Team Lotus,"['Mario Andretti', 'Gunnar Nilsson', 'Ronnie Peterson']"
1976,Tyrrell,"['Jody Scheckter', 'Patrick Depailler', 'Otto Stuppacher', 'Alessandro Pesenti-Rossi', 'Kazuyoshi Hoshino', 'Ian Scheckter']"
1976,Williams,"['Emilio Zapico', 'Renzo Zorzi']"
1976,Wolf,"['Arturo Merzario', 'Michel Leclère', 'Hans Binder', 'Warwick Brown']"
1977,Apollon,['Loris Kessel']
1977,BRM,"['Conny Andersson', 'Guy Edwards', 'Teddy Pilette']"
1977,Brabham,"['Hans-Joachim Stuck', 'John Watson', 'Carlos Pace', 'Giorgio Francia']"
1977,Ensign,"['Clay Regazzoni', 'Patrick Tambay', 'Jacky Ickx']"
1977,Ferrari,"['Gilles Villeneuve', 'Oliver Bearman', 'Niki Lauda', 'Carlos Reutemann']"
1977,Fittipaldi,"['Emerson Fittipaldi', 'Ingo Hoffmann']"
1977,Hesketh,"['Ian Ashley', 'Harald Ertl', 'Rupert Keegan', 'Hector Rebaque']"
1977,Kojima,"['Kazuyoshi Hoshino', 'Noritake Takahara']"
1977,LEC,['David Purley']
1977,Ligier,"['Jacques Laffite', 'Jean-Pierre Jarier']"
1977,March,"['Hans-Joachim Stuck', 'Boy Lunger', 'Patrick Nève', 'Alex Ribeiro', 'Bernard de Dryver', 'Andy Sutcliffe', 'Mikko Kozarowitzky', 'Ian Scheckter', 'Michael Bleekemolen']"
1977,McGuire,['Brian McGuire']
1977,McLaren,"['James Hunt', 'Jochen Mass', 'Bruno Giacomelli', 'Gilles Villeneuve', 'Emilio de Villota']"
1977,Penske,"['Jean-Pierre Jarier', 'Hans Binder', 'Hans Heyer', 'Danny Ongais']"
1977,Renault,['Jean-Pierre Jabouille']
1977,Shadow,"['Alan Jones', 'Jean-Pierre Jarier', 'Riccardo Patrese', 'Renzo Zorzi', 'Jackie Oliver', 'Tom Pryce']"
1977,Surtees,"['Vittorio Brambilla', 'Patrick Tambay', 'Hans Binder', 'Vern Schuppan', 'Lamberto Leoni', 'Tony Trimmer']"
1977,Team Lotus,"['Mario Andretti', 'Gunnar Nilsson']"
1977,Tyrrell,"['Patrick Depailler', 'Ronnie Peterson', 'Kunimitsu Takahashi']"
1977,Wolf,['Jody Scheckter']
1978,ATS,"['Hans Binder', 'Jean-Pierre Jarier', 'Keke Rosberg', 'Michael Bleekemolen', 'Jochen Mass']"
1978,Arrows,"['Riccardo Patrese', 'Rolf Stommelen']"
1978,Brabham,"['Niki Lauda', 'John Watson', 'Nelson Piquet']"
1978,Ensign,"['Derek Daly', 'Nelson Piquet', 'Lamberto Leoni', 'Jacky Ickx', 'Geoff Lees']"
1978,Ferrari,"['Gilles Villeneuve', 'Oliver Bearman', 'Carlos Reutemann']"
1978,Fittipaldi,['Emerson Fittipaldi']
1978,Hesketh,"['Derek Daly', 'Divina Galica']"
1978,Ligier,['Jacques Laffite']
1978,Martini,['René Arnoux']
1978,McLaren,"['James Hunt', 'Patrick Tambay', 'Tony Trimmer', 'Nelson Piquet', 'Bruno Giacomelli', 'Emilio de Villota']"
1978,Merzario,['Arturo Merzario']
1978,Renault,['Jean-Pierre Jabouille']
1978,Shadow,"['Clay Regazzoni', 'Hans-Joachim Stuck']"
1978,Surtees,"['Vittorio Brambilla', 'René Arnoux', 'Beppe Gabbiani', 'Rupert Keegan', 'Carlo Franchi']"
1978,Team Lotus,"['Mario Andretti', 'Ronnie Peterson', 'Hector Rebaque', 'Jean-Pierre Jarier']"
1978,Theodore,['Keke Rosberg']
1978,Tyrrell,"['Patrick Depailler', 'Didier Pironi']"
1978,Williams,['Alan Jones']
1978,Wolf,"['Jody Scheckter', 'Keke Rosberg', 'Bobby Rahal']"
1979,ATS,['Hans-Joachim Stuck']
1979,Alfa Romeo,"['Vittorio Brambilla', 'Bruno Giacomelli']"
1979,Arrows,"['Jochen Mass', 'Riccardo Patrese']"
1979,Brabham-Alfa Romeo,['Nelson Piquet']
1979,Brabham-Ford,"['Nelson Piquet', 'Ricardo Zunino']"
1979,Ensign,"['Derek Daly', 'Marc Surer', 'Patrick Gaillard']"
1979,Ferrari,"['Gilles Villeneuve', 'Oliver Bearman', 'Jody Scheckter']"
1979,Fittipaldi,"['Emerson Fittipaldi', 'Alex Ribeiro']"
1979,Ligier,"['Jacques Laffite', 'Patrick Depailler', 'Jacky Ickx']"
1979,McLaren,"['John Watson', 'Patrick Tambay']"
1979,Merzario,['Arturo Merzario']
1979,Rebaque,['Hector Rebaque']
1979,Renault,"['René Arnoux', 'Jean-Pierre Jabouille']"
1979,Shadow,"['Elio de Angelis', 'Jan Lammers']"
1979,Team Lotus,"['Carlos Reutemann', 'Mario Andretti', 'Hector Rebaque']"
1979,Tyrrell,"['Didier Pironi', 'Jean-Pierre Jarier', 'Geoff Lees', 'Derek Daly']"
1979,Williams,"['Alan Jones', 'Clay Regazzoni']"
1979,Wolf,"['James Hunt', 'Keke Rosberg']"
1980,ATS,"['Marc Surer', 'Jan Lammers', 'Harald Ertl']"
1980,Alfa Romeo,"['Bruno Giacomelli', 'Andrea de Cesaris', 'Patrick Depailler', 'Vittorio Brambilla']"
1980,Arrows,"['Riccardo Patrese', 'Jochen Mass', 'Manfred Winkelhock', 'Mike Thackwell']"
1980,Brabham,"['Nelson Piquet', 'Hector Rebaque', 'Ricardo Zunino']"
1980,Ensign,"['Jan Lammers', 'Geoff Lees', 'Clay Regazzoni', 'Tiff Needell']"
1980,Ferrari,"['Gilles Villeneuve', 'Oliver Bearman', 'Jody Scheckter']"
1980,Fittipaldi,"['Keke Rosberg', 'Emerson Fittipaldi']"
1980,Ligier,"['Jacques Laffite', 'Didier Pironi']"
1980,McLaren,"['John Watson', 'Alain Prost', 'Stephen South']"
1980,Osella,['Eddie Cheever']
1980,Renault,"['René Arnoux', 'Jean-Pierre Jabouille']"
1980,Shadow,"['Stefan Johansson', 'Geoff Lees', 'Dave Kennedy']"
1980,Team Lotus,"['Elio de Angelis', 'Mario Andretti', 'Nigel Mansell']"
1980,Tyrrell,"['Derek Daly', 'Jean-Pierre Jarier', 'Mike Thackwell']"
1980,Williams,"['Alan Jones', 'Carlos Reutemann', 'Rupert Keegan', 'Geoff Lees', 'Kevin Cogan', 'Desiré Wilson']"
1981,ATS,"['Slim Borgudd', 'Jan Lammers']"
1981,Alfa Romeo,"['Bruno Giacomelli', 'Mario Andretti']"
1981,Arrows,"['Riccardo Patrese', 'Siegfried Stohr', 'Jacques Villeneuve Sr.']"
1981,Brabham,"['Nelson Piquet', 'Hector Rebaque']"
1981,Ensign,"['Marc Surer', 'Eliseo Salazar', 'Ricardo Londoño']"
1981,Ferrari,"['Gilles Villeneuve', 'Oliver Bearman', 'Didier Pironi']"
1981,Fittipaldi,"['Chico Serra', 'Keke Rosberg']"
1981,Ligier,"['Jacques Laffite', 'Patrick Tambay', 'Jean-Pierre Jarier', 'Jean-Pierre Jabouille']"
1981,March,"['Eliseo Salazar', 'Derek Daly']"
1981,McLaren,"['John Watson', 'Andrea de Cesaris']"
1981,Osella,"['Eliseo Salazar', 'Jean-Pierre Jarier', 'Piercarlo Ghinzani', 'Miguel Ángel Guerra', 'Beppe Gabbiani', 'Giorgio Francia']"
1981,Renault,"['Alain Prost', 'René Arnoux']"
1981,Team Lotus,"['Elio de Angelis', 'Nigel Mansell']"
1981,Theodore,"['Marc Surer', 'Patrick Tambay']"
1981,Toleman,"['Brian Henton', 'Derek Warwick']"
1981,Tyrrell,"['Eddie Cheever', 'Michele Alboreto', 'Kevin Cogan', 'Ricardo Zunino']"
1981,Williams,"['Carlos Reutemann', 'Alan Jones']"
1982,ATS,"['Eliseo Salazar', 'Manfred Winkelhock']"
1982,Alfa Romeo,"['Andrea de Cesaris', 'Bruno Giacomelli']"
1982,Arrows,"['Marc Surer', 'Mauro Baldi', 'Brian Henton']"
1982,Brabham,"['Riccardo Patrese', 'Nelson Piquet']"
1982,Ensign,['Roberto Guerrero']
1982,Ferrari,"['Didier Pironi', 'Patrick Tambay', 'Gilles Villeneuve', 'Oliver Bearman', 'Mario Andretti']"
1982,Fittipaldi,['Chico Serra']
1982,Ligier,"['Eddie Cheever', 'Jacques Laffite']"
1982,March,"['Raul Boesel', 'Rupert Keegan', 'Jochen Mass', 'Emilio de Villota']"
1982,McLaren,"['John Watson', 'Niki Lauda']"
1982,Osella,"['Jean-Pierre Jarier', 'Riccardo Paletti']"
1982,Renault,"['Alain Prost', 'René Arnoux']"
1982,Team Lotus,"['Elio de Angelis', 'Nigel Mansell', 'Roberto Moreno']"
1982,Theodore,"['Derek Daly', 'Jan Lammers', 'Tommy Byrne']"
1982,Toleman,"['Derek Warwick', 'Teo Fabi']"
1982,Tyrrell,"['Michele Alboreto', 'Brian Henton', 'Slim Borgudd']"
1982,Williams,"['Keke Rosberg', 'Derek Daly', 'Carlos Reutemann', 'Mario Andretti']"
1983,ATS,['Manfred Winkelhock']
1983,Alfa Romeo,"['Andrea de Cesaris', 'Mauro Baldi']"
1983,Arrows,"['Marc Surer', 'Thierry Boutsen', 'Alan Jones', 'Chico Serra']"
1983,Brabham,"['Nelson Piquet', 'Riccardo Patrese']"
1983,Ferrari,"['Patrick Tambay', 'René Arnoux', 'Oliver Bearman']"
1983,Ligier,"['Jean-Pierre Jarier', 'Raul Boesel']"
1983,McLaren,"['John Watson', 'Niki Lauda']"
1983,Osella,"['Corrado Fabi', 'Piercarlo Ghinzani']"
1983,RAM,"['Jean-Louis Schlesser', 'Kenny Acheson', 'Eliseo Salazar', 'Jacques Villeneuve Sr.']"
1983,Renault,"['Alain Prost', 'Eddie Cheever']"
1983,Spirit,['Stefan Johansson']
1983,Team Lotus,"['Nigel Mansell', 'Elio de Angelis']"
1983,Theodore,"['Johnny Cecotto', 'Roberto Guerrero']"
1983,Toleman,"['Derek Warwick', 'Bruno Giacomelli']"
1983,Tyrrell,"['Michele Alboreto', 'Danny Sullivan']"
1983,Williams,"['Keke Rosberg', 'Jacques Laffite', 'Jonathan Palmer']"
1984,ATS,"['Gerhard Berger', 'Manfred Winkelhock']"
1984,Alfa Romeo,"['Riccardo Patrese', 'Eddie Cheever']"
1984,Arrows,"['Thierry Boutsen', 'Marc Surer']"
1984,Brabham,"['Nelson Piquet', 'Teo Fabi', 'Manfred Winkelhock', 'Corrado Fabi']"
1984,Ferrari,"['Michele Alboreto', 'René Arnoux', 'Oliver Bearman']"
1984,Ligier,"['Andrea de Cesaris', 'François Hesnault']"
1984,McLaren,"['Niki Lauda', 'Alain Prost']"
1984,Osella,"['Piercarlo Ghinzani', 'Jo Gartner']"
1984,RAM,"['Jonathan Palmer', 'Philippe Alliot']"
1984,Renault,"['Derek Warwick', 'Patrick Tambay', 'Philippe Streiff']"
1984,Spirit,"['Mauro Baldi', 'Huub Rothengatter']"
1984,Team Lotus,"['Elio de Angelis', 'Nigel Mansell']"
1984,Toleman,"['Ayrton Senna', 'Stefan Johansson', 'Pierluigi Martini', 'Johnny Cecotto']"
1984,Tyrrell,"['Stefan Johansson', 'Martin Brundle', 'Stefan Bellof']"
1984,Williams,"['Keke Rosberg', 'Jacques Laffite']"
1985,Alfa Romeo,"['Riccardo Patrese', 'Eddie Cheever']"
1985,Arrows,"['Thierry Boutsen', 'Gerhard Berger']"
1985,Brabham,"['Nelson Piquet', 'Marc Surer']"
1985,Ferrari,"['Michele Alboreto', 'René Arnoux', 'Stefan Johansson', 'Oliver Bearman']"
1985,Ligier,"['Jacques Laffite', 'Philippe Streiff', 'Andrea de Cesaris']"
1985,Lola,['Alan Jones']
1985,McLaren,"['Alain Prost', 'Niki Lauda', 'John Watson']"
1985,Minardi,['Pierluigi Martini']
1985,Osella,"['Huub Rothengatter', 'Piercarlo Ghinzani']"
1985,RAM,"['Philippe Alliot', 'Manfred Winkelhock', 'Kenny Acheson']"
1985,Renault,"['Patrick Tambay', 'Derek Warwick']"
1985,Spirit,['Mauro Baldi']
1985,Team Lotus,"['Ayrton Senna', 'Elio de Angelis']"
1985,Toleman,"['Piercarlo Ghinzani', 'Teo Fabi']"
1985,Tyrrell,"['Stefan Johansson', 'Philippe Streiff', 'Stefan Bellof', 'Ivan Capelli', 'Martin Brundle']"
1985,Williams,"['Keke Rosberg', 'Nigel Mansell']"
1985,Zakspeed,"['Jonathan Palmer', 'Christian Danner']"
1986,AGS,['Ivan Capelli']
1986,Arrows,"['Christian Danner', 'Thierry Boutsen', 'Marc Surer']"
1986,Benetton,"['Gerhard Berger', 'Teo Fabi']"
1986,Brabham,"['Riccardo Patrese', 'Derek Warwick', 'Elio de Angelis']"
1986,Ferrari,"['Michele Alboreto', 'Stefan Johansson', 'Oliver Bearman']"
1986,Ligier,"['Jacques Laffite', 'René Arnoux', 'Philippe Alliot']"
1986,Lola,"['Alan Jones', 'Patrick Tambay', 'Eddie Cheever']"
1986,McLaren,"['Alain Prost', 'Keke Rosberg']"
1986,Minardi,"['Andrea de Cesaris', 'Alessandro Nannini']"
1986,Osella,"['Christian Danner', 'Alex Caffi', 'Piercarlo Ghinzani', 'Allen Berg']"
1986,Team Lotus,"['Ayrton Senna', 'Johnny Dumfries']"
1986,Tyrrell,"['Martin Brundle', 'Philippe Streiff']"
1986,Williams,"['Nigel Mansell', 'Nelson Piquet']"
1986,Zakspeed,"['Jonathan Palmer', 'Huub Rothengatter']"
1987,AGS,"['Roberto Moreno', 'Pascal Fabre']"
1987,Arrows,"['Eddie Cheever', 'Derek Warwick']"
1987,Benetton,"['Thierry Boutsen', 'Teo Fabi']"
1987,Brabham,"['Riccardo Patrese', 'Andrea de Cesaris', 'Stefano Modena']"
1987,Coloni,['Nicola Larini']
1987,Ferrari,"['Michele Alboreto', 'Oliver Bearman', 'Gerhard Berger']"
1987,Larrousse,"['Philippe Alliot', 'Yannick Dalmas']"
1987,Ligier,"['René Arnoux', 'Piercarlo Ghinzani']"
1987,March,['Ivan Capelli']
1987,McLaren,"['Alain Prost', 'Stefan Johansson']"
1987,Minardi,"['Alessandro Nannini', 'Adrián Campos']"
1987,Osella,"['Alex Caffi', 'Gabriele Tarquini', 'Franco Forini']"
1987,Team Lotus,"['Ayrton Senna', 'Satoru Nakajima']"
1987,Tyrrell,"['Jonathan Palmer', 'Philippe Streiff']"
1987,Williams,"['Nelson Piquet', 'Nigel Mansell', 'Riccardo Patrese']"
1987,Zakspeed,"['Martin Brundle', 'Christian Danner']"
1988,AGS,['Philippe Streiff']
1988,Arrows,"['Derek Warwick', 'Eddie Cheever']"
1988,Benetton,"['Thierry Boutsen', 'Alessandro Nannini']"
1988,Coloni,['Gabriele Tarquini']
1988,Dallara,['Alex Caffi']
1988,Euro Brun,"['Stefano Modena', 'Oscar Larrauri']"
1988,Ferrari,"['Michele Alboreto', 'Oliver Bearman', 'Gerhard Berger']"
1988,Larrousse,"['Aguri Suzuki', 'Philippe Alliot', 'Yannick Dalmas', 'Pierre-Henri Raphanel']"
1988,Ligier,"['Stefan Johansson', 'René Arnoux']"
1988,March,"['Ivan Capelli', 'Maurício Gugelmin']"
1988,McLaren,"['Ayrton Senna', 'Alain Prost']"
1988,Minardi,"['Pierluigi Martini', 'Luis Pérez-Sala', 'Adrián Campos']"
1988,Osella,['Nicola Larini']
1988,Rial,['Andrea de Cesaris']
1988,Team Lotus,"['Nelson Piquet', 'Satoru Nakajima']"
1988,Tyrrell,"['Jonathan Palmer', 'Julian Bailey']"
1988,Williams,"['Nigel Mansell', 'Riccardo Patrese', 'Martin Brundle', 'Jean-Louis Schlesser']"
1988,Zakspeed,"['Bernd Schneider', 'Piercarlo Ghinzani']"
1989,AGS,"['Gabriele Tarquini', 'Yannick Dalmas', 'Joachim Winkelhock']"
1989,Arrows,"['Derek Warwick', 'Eddie Cheever', 'Martin Donnelly']"
1989,Benetton,"['Alessandro Nannini', 'Emanuele Pirro']"
1989,Brabham,"['Stefano Modena', 'Martin Brundle']"
1989,Coloni,"['Roberto Moreno', 'Pierre-Henri Raphanel', 'Enrico Bertaggia']"
1989,Dallara,"['Andrea de Cesaris', 'Alex Caffi']"
1989,Euro Brun,['Oscar Larrauri']
1989,Ferrari,"['Nigel Mansell', 'Oliver Bearman', 'Gerhard Berger']"
1989,Larrousse,"['Michele Alboreto', 'Philippe Alliot', 'Éric Bernard', 'Yannick Dalmas']"
1989,Ligier,"['René Arnoux', 'Olivier Grouillard']"
1989,March,"['Maurício Gugelmin', 'Ivan Capelli']"
1989,McLaren,"['Alain Prost', 'Ayrton Senna']"
1989,Minardi,"['Pierluigi Martini', 'Luis Pérez-Sala', 'Paolo Barilla']"
1989,Onyx,"['Stefan Johansson', 'Bertrand Gachot', 'Jyrki Järvilehto']"
1989,Osella,"['Nicola Larini', 'Piercarlo Ghinzani']"
1989,Rial,"['Christian Danner', 'Bertrand Gachot', 'Pierre-Henri Raphanel', 'Volker Weidler']"
1989,Team Lotus,"['Nelson Piquet', 'Satoru Nakajima']"
1989,Tyrrell,"['Jean Alesi', 'Michele Alboreto', 'Jonathan Palmer']"
1989,Williams,"['Riccardo Patrese', 'Thierry Boutsen']"
1989,Zakspeed,"['Bernd Schneider', 'Aguri Suzuki']"
1990,AGS,"['Yannick Dalmas', 'Gabriele Tarquini']"
1990,Arrows,"['Alex Caffi', 'Michele Alboreto', 'Bernd Schneider']"
1990,Benetton,"['Nelson Piquet', 'Alessandro Nannini', 'Roberto Moreno']"
1990,Brabham,"['Stefano Modena', 'David Brabham']"
1990,Coloni,['Bertrand Gachot']
1990,Dallara,"['Emanuele Pirro', 'Andrea de Cesaris', 'Gianni Morbidelli']"
1990,Euro Brun,"['Roberto Moreno', 'Claudio Langes']"
1990,Ferrari,"['Alain Prost', 'Nigel Mansell', 'Oliver Bearman']"
1990,Larrousse,"['Aguri Suzuki', 'Éric Bernard']"
1990,Leyton House,"['Ivan Capelli', 'Maurício Gugelmin']"
1990,Life,"['Gary Brabham', 'Bruno Giacomelli']"
1990,Ligier,"['Nicola Larini', 'Philippe Alliot']"
1990,McLaren,"['Ayrton Senna', 'Gerhard Berger']"
1990,Minardi,"['Pierluigi Martini', 'Paolo Barilla', 'Gianni Morbidelli']"
1990,Onyx,"['Jyrki Järvilehto', 'Stefan Johansson']"
1990,Osella,['Olivier Grouillard']
1990,Team Lotus,"['Derek Warwick', 'Johnny Herbert', 'Martin Donnelly']"
1990,Tyrrell,"['Jean Alesi', 'Satoru Nakajima']"
1990,Williams,"['Thierry Boutsen', 'Riccardo Patrese']"
1991,AGS,"['Gabriele Tarquini', 'Fabrizio Barbazza']"
1991,Benetton,"['Nelson Piquet', 'Roberto Moreno', 'Michael Schumacher']"
1991,Brabham,"['Martin Brundle', 'Mark Blundell']"
1991,Coloni,"['Pedro Chaves', 'Naoki Hattori']"
1991,Dallara,"['Jyrki Järvilehto', 'Emanuele Pirro']"
1991,Ferrari,"['Alain Prost', 'Oliver Bearman', 'Gianni Morbidelli', 'Jean Alesi']"
1991,Fondmetal,['Gabriele Tarquini']
1991,Footwork,"['Alex Caffi', 'Michele Alboreto']"
1991,Jordan,"['Andrea de Cesaris', 'Roberto Moreno', 'Bertrand Gachot', 'Michael Schumacher', 'Alessandro Zanardi']"
1991,Lambo,"['Nicola Larini', 'Eric van de Poele']"
1991,Larrousse,"['Bertrand Gachot', 'Aguri Suzuki']"
1991,Leyton House,"['Ivan Capelli', 'Maurício Gugelmin', 'Karl Wendlinger']"
1991,Ligier,"['Thierry Boutsen', 'Érik Comas']"
1991,Lola,['Aguri Suzuki']
1991,McLaren,"['Ayrton Senna', 'Gerhard Berger']"
1991,Minardi,"['Roberto Moreno', 'Pierluigi Martini', 'Gianni Morbidelli']"
1991,Team Lotus,"['Mika Häkkinen', 'Julian Bailey', 'Johnny Herbert', 'Michael Bartels']"
1991,Tyrrell,"['Stefano Modena', 'Satoru Nakajima']"
1991,Williams,"['Nigel Mansell', 'Riccardo Patrese']"
1992,Andrea Moda,"['Roberto Moreno', 'Perry McCarthy']"
1992,Benetton,"['Michael Schumacher', 'Martin Brundle']"
1992,Brabham,"['Damon Hill', 'Giovanna Amati']"
1992,Dallara,"['Pierluigi Martini', 'Jyrki Järvilehto']"
1992,Ferrari,"['Ivan Capelli', 'Nicola Larini', 'Oliver Bearman', 'Jean Alesi']"
1992,Fondmetal,"['Gabriele Tarquini', 'Andrea Chiesa']"
1992,Footwork,"['Michele Alboreto', 'Aguri Suzuki']"
1992,Jordan,"['Stefano Modena', 'Maurício Gugelmin']"
1992,Larrousse,"['Bertrand Gachot', 'Ukyo Katayama']"
1992,Ligier,"['Érik Comas', 'Thierry Boutsen']"
1992,March,"['Karl Wendlinger', 'Emanuele Naspetti', 'Jan Lammers', 'Paul Belmondo']"
1992,McLaren,"['Ayrton Senna', 'Gerhard Berger']"
1992,Minardi,"['Christian Fittipaldi', 'Gianni Morbidelli', 'Alessandro Zanardi']"
1992,Team Lotus,"['Mika Häkkinen', 'Johnny Herbert']"
1992,Tyrrell,"['Andrea de Cesaris', 'Olivier Grouillard']"
1992,Williams,"['Nigel Mansell', 'Riccardo Patrese']"
1993,Benetton,"['Michael Schumacher', 'Riccardo Patrese']"
1993,Ferrari,"['Oliver Bearman', 'Gerhard Berger', 'Jean Alesi']"
1993,Footwork,"['Derek Warwick', 'Aguri Suzuki']"
1993,Jordan,"['Rubens Barrichello', 'Eddie Irvine', 'Ivan Capelli', 'Thierry Boutsen', 'Marco Apicella', 'Emanuele Naspetti']"
1993,Larrousse,"['Philippe Alliot', 'Érik Comas', 'Toshio Suzuki']"
1993,Ligier,"['Martin Brundle', 'Mark Blundell']"
1993,Lola,"['Luca Badoer', 'Michele Alboreto']"
1993,McLaren,"['Ayrton Senna', 'Michael Andretti', 'Mika Häkkinen']"
1993,Minardi,"['Christian Fittipaldi', 'Fabrizio Barbazza', 'Pierluigi Martini', 'Jean-Marc Gounon']"
1993,Sauber,"['Karl Wendlinger', 'Jyrki Järvilehto']"
1993,Team Lotus,"['Johnny Herbert', 'Alessandro Zanardi', 'Pedro Lamy']"
1993,Tyrrell,"['Andrea de Cesaris', 'Ukyo Katayama']"
1993,Williams,"['Alain Prost', 'Damon Hill']"
1994,Benetton,"['Michael Schumacher', 'Jos Verstappen', 'Jyrki Järvilehto', 'Johnny Herbert']"
1994,Ferrari,"['Nicola Larini', 'Oliver Bearman', 'Gerhard Berger', 'Jean Alesi']"
1994,Footwork,"['Christian Fittipaldi', 'Gianni Morbidelli']"
1994,Jordan,"['Rubens Barrichello', 'Eddie Irvine', 'Aguri Suzuki']"
1994,Larrousse,"['Érik Comas', 'Olivier Beretta', 'Jean-Denis Délétraz', 'Hideki Noda', 'Yannick Dalmas']"
1994,Ligier,"['Olivier Panis', 'Johnny Herbert', 'Franck Lagorce']"
1994,McLaren,"['Mika Häkkinen', 'Martin Brundle']"
1994,Minardi,"['Pierluigi Martini', 'Michele Alboreto']"
1994,Pacific,"['Paul Belmondo', 'Bertrand Gachot']"
1994,Sauber,"['Heinz-Harald Frentzen', 'Karl Wendlinger', 'Jyrki Järvilehto']"
1994,Simtek,"['Roland Ratzenberger', 'David Brabham', 'Jean-Marc Gounon', 'Domenico Schiattarella', 'Taki Inoue', 'Andrea Montermini']"
1994,Team Lotus,"['Johnny Herbert', 'Philippe Adams', 'Alessandro Zanardi', 'Mika Salo', 'Pedro Lamy']"
1994,Tyrrell,"['Mark Blundell', 'Ukyo Katayama']"
1994,Williams,"['Damon Hill', 'David Coulthard', 'Nigel Mansell', 'Ayrton Senna']"
1995,Benetton,"['Michael Schumacher', 'Johnny Herbert']"
1995,Ferrari,"['Oliver Bearman', 'Gerhard Berger', 'Jean Alesi']"
1995,Footwork,"['Gianni Morbidelli', 'Taki Inoue', 'Massimiliano Papis']"
1995,Forti,"['Pedro Diniz', 'Roberto Moreno']"
1995,Jordan,"['Rubens Barrichello', 'Eddie Irvine']"
1995,Ligier,"['Olivier Panis', 'Martin Brundle', 'Aguri Suzuki']"
1995,McLaren,"['Mika Häkkinen', 'Mark Blundell', 'Jan Magnussen', 'Nigel Mansell']"
1995,Minardi,"['Pedro Lamy', 'Luca Badoer', 'Pierluigi Martini']"
1995,Pacific,"['Andrea Montermini', 'Bertrand Gachot', 'Giovanni Lavaggi', 'Jean-Denis Délétraz']"
1995,Sauber,"['Heinz-Harald Frentzen', 'Jean-Christophe Boullion', 'Karl Wendlinger']"
1995,Simtek,"['Jos Verstappen', 'Domenico Schiattarella']"
1995,Tyrrell,"['Mika Salo', 'Ukyo Katayama', 'Gabriele Tarquini']"
1995,Williams,"['Damon Hill', 'David Coulthard']"
1996,Benetton,"['Jean Alesi', 'Gerhard Berger']"
1996,Ferrari,"['Eddie Irvine', 'Oliver Bearman', 'Michael Schumacher']"
1996,Footwork,"['Jos Verstappen', 'Ricardo Rosset']"
1996,Forti,"['Luca Badoer', 'Andrea Montermini']"
1996,Jordan,"['Rubens Barrichello', 'Martin Brundle']"
1996,Ligier,"['Olivier Panis', 'Pedro Diniz']"
1996,McLaren,"['Mika Häkkinen', 'David Coulthard']"
1996,Minardi,"['Giancarlo Fisichella', 'Pedro Lamy', 'Tarso Marques', 'Giovanni Lavaggi']"
1996,Sauber,"['Heinz-Harald Frentzen', 'Johnny Herbert']"
1996,Tyrrell,"['Mika Salo', 'Ukyo Katayama']"
1996,Williams,"['Damon Hill', 'Jacques Villeneuve']"
1997,Arrows,"['Damon Hill', 'Pedro Diniz']"
1997,Benetton,"['Jean Alesi', 'Gerhard Berger', 'Alexander Wurz']"
1997,Ferrari,"['Eddie Irvine', 'Oliver Bearman', 'Michael Schumacher']"
1997,Jordan,"['Giancarlo Fisichella', 'Ralf Schumacher']"
1997,Lola,"['Ricardo Rosset', 'Vincenzo Sospiri']"
1997,McLaren,"['David Coulthard', 'Mika Häkkinen']"
1997,Minardi,"['Ukyo Katayama', 'Tarso Marques']"
1997,Prost,"['Olivier Panis', 'Shinji Nakano']"
1997,Sauber,"['Johnny Herbert', 'Nicola Larini', 'Norberto Fontana', 'Gianni Morbidelli']"
1997,Stewart,"['Rubens Barrichello', 'Jan Magnussen']"
1997,Tyrrell,"['Mika Salo', 'Jos Verstappen']"
1997,Williams,"['Jacques Villeneuve', 'Heinz-Harald Frentzen']"
1998,Arrows,"['Mika Salo', 'Pedro Diniz']"
1998,Benetton,"['Alexander Wurz', 'Giancarlo Fisichella']"
1998,Ferrari,"['Eddie Irvine', 'Oliver Bearman', 'Michael Schumacher']"
1998,Jordan,"['Damon Hill', 'Ralf Schumacher']"
1998,McLaren,"['Mika Häkkinen', 'David Coulthard']"
1998,Minardi,"['Shinji Nakano', 'Esteban Tuero']"
1998,Prost,"['Jarno Trulli', 'Olivier Panis']"
1998,Sauber,"['Jean Alesi', 'Johnny Herbert']"
1998,Stewart,"['Rubens Barrichello', 'Jan Magnussen', 'Jos Verstappen']"
1998,Tyrrell,"['Ricardo Rosset', 'Toranosuke Takagi']"
1998,Williams,"['Jacques Villeneuve', 'Heinz-Harald Frentzen']"
1999,Arrows,"['Pedro de la Rosa', 'Toranosuke Takagi']"
1999,BAR,"['Jacques Villeneuve', 'Ricardo Zonta']"
1999,Benetton,"['Giancarlo Fisichella', 'Alexander Wurz']"
1999,Ferrari,"['Eddie Irvine', 'Oliver Bearman', 'Michael Schumacher']"
1999,Jordan,"['Heinz-Harald Frentzen', 'Damon Hill']"
1999,McLaren,"['Mika Häkkinen', 'David Coulthard']"
1999,Minardi,"['Marc Gené', 'Luca Badoer', 'Stéphane Sarrazin']"
1999,Prost,"['Jarno Trulli', 'Olivier Panis']"
1999,Sauber,"['Pedro Diniz', 'Jean Alesi']"
1999,Stewart,"['Rubens Barrichello', 'Johnny Herbert']"
1999,Williams,"['Ralf Schumacher', 'Alessandro Zanardi']"
2000,Arrows,"['Jos Verstappen', 'Pedro de la Rosa']"
2000,BAR,"['Jacques Villeneuve', 'Ricardo Zonta']"
2000,Benetton,"['Giancarlo Fisichella', 'Alexander Wurz']"
2000,Ferrari,"['Rubens Barrichello', 'Oliver Bearman', 'Michael Schumacher']"
2000,Jaguar,"['Eddie Irvine', 'Johnny Herbert', 'Luciano Burti']"
2000,Jordan,"['Heinz-Harald Frentzen', 'Jarno Trulli']"
2000,McLaren,"['Mika Häkkinen', 'David Coulthard']"
2000,Minardi,"['Marc Gené', 'Gastón Mazzacane']"
2000,Prost,"['Nick Heidfeld', 'Jean Alesi']"
2000,Sauber,"['Mika Salo', 'Pedro Diniz']"
2000,Williams,"['Ralf Schumacher', 'Jenson Button']"
2001,Arrows,"['Jos Verstappen', 'Enrique Bernoldi']"
2001,BAR,"['Jacques Villeneuve', 'Olivier Panis']"
2001,Benetton,"['Giancarlo Fisichella', 'Jenson Button']"
2001,Ferrari,"['Rubens Barrichello', 'Oliver Bearman', 'Michael Schumacher']"
2001,Jaguar,"['Eddie Irvine', 'Pedro de la Rosa']"
2001,Jordan,"['Jarno Trulli', 'Heinz-Harald Frentzen', 'Jean Alesi', 'Ricardo Zonta']"
2001,McLaren,"['David Coulthard', 'Mika Häkkinen']"
2001,Minardi,"['Tarso Marques', 'Fernando Alonso', 'Alex Yoong']"
2001,Prost,"['Heinz-Harald Frentzen', 'Jean Alesi', 'Tomáš Enge', 'Gastón Mazzacane']"
2001,Sauber,"['Nick Heidfeld', 'Kimi Räikkönen']"
2001,Williams,"['Ralf Schumacher', 'Juan Pablo Montoya']"
2002,Arrows,['Enrique Bernoldi']
2002,BAR,"['Jacques Villeneuve', 'Olivier Panis']"
2002,Ferrari,"['Rubens Barrichello', 'Oliver Bearman', 'Michael Schumacher']"
2002,Jaguar,"['Eddie Irvine', 'Pedro de la Rosa']"
2002,Jordan,"['Giancarlo Fisichella', 'Takuma Sato']"
2002,McLaren,"['David Coulthard', 'Kimi Räikkönen']"
2002,Minardi,"['Mark Webber', 'Alex Yoong', 'Anthony Davidson']"
2002,Renault,"['Jenson Button', 'Jarno Trulli']"
2002,Sauber,"['Nick Heidfeld', 'Felipe Massa']"
2002,Toyota,"['Mika Salo', 'Allan McNish']"
2002,Williams,"['Juan Pablo Montoya', 'Ralf Schumacher']"
2003,BAR,"['Jenson Button', 'Jacques Villeneuve', 'Takuma Sato']"
2003,Ferrari,"['Rubens Barrichello', 'Oliver Bearman', 'Michael Schumacher']"
2003,Jaguar,"['Mark Webber', 'Justin Wilson', 'Antônio Pizzonia']"
2003,Jordan,"['Giancarlo Fisichella', 'Ralph Firman', 'Zsolt Baumgartner']"
2003,McLaren,"['Kimi Räikkönen', 'David Coulthard']"
2003,Minardi,"['Justin Wilson', 'Jos Verstappen', 'Nicolas Kiesa']"
2003,Renault,"['Fernando Alonso', 'Jarno Trulli']"
2003,Sauber,"['Heinz-Harald Frentzen', 'Nick Heidfeld']"
2003,Toyota,"['Cristiano da Matta', 'Olivier Panis']"
2003,Williams,"['Juan Pablo Montoya', 'Ralf Schumacher', 'Marc Gené']"
2004,BAR,"['Jenson Button', 'Takuma Sato']"
2004,Ferrari,"['Rubens Barrichello', 'Oliver Bearman', 'Michael Schumacher']"
2004,Jaguar,"['Mark Webber', 'Christian Klien']"
2004,Jordan,"['Nick Heidfeld', 'Timo Glock', 'Giorgio Pantano']"
2004,McLaren,"['Kimi Räikkönen', 'David Coulthard']"
2004,Minardi,"['Zsolt Baumgartner', 'Gianmaria Bruni']"
2004,Renault,"['Fernando Alonso', 'Jarno Trulli', 'Jacques Villeneuve']"
2004,Sauber,"['Giancarlo Fisichella', 'Felipe Massa']"
2004,Toyota,"['Jarno Trulli', 'Olivier Panis', 'Cristiano da Matta', 'Ricardo Zonta']"
2004,Williams,"['Juan Pablo Montoya', 'Ralf Schumacher', 'Antônio Pizzonia', 'Marc Gené']"
2005,BAR,"['Jenson Button', 'Takuma Sato', 'Anthony Davidson']"
2005,Ferrari,"['Rubens Barrichello', 'Oliver Bearman', 'Michael Schumacher']"
2005,Jordan,"['Tiago Monteiro', 'Narain Karthikeyan']"
2005,McLaren,"['Kimi Räikkönen', 'Juan Pablo Montoya', 'Alexander Wurz', 'Pedro de la Rosa']"
2005,Minardi,"['Christijan Albers', 'Patrick Friesacher', 'Robert Doornbos']"
2005,Red Bull,"['David Coulthard', 'Christian Klien', 'Vitantonio Liuzzi']"
2005,Renault,"['Fernando Alonso', 'Giancarlo Fisichella']"
2005,Sauber,"['Felipe Massa', 'Jacques Villeneuve']"
2005,Toyota,"['Ralf Schumacher', 'Jarno Trulli', 'Ricardo Zonta']"
2005,Williams,"['Mark Webber', 'Nick Heidfeld', 'Antônio Pizzonia']"
2006,BMW Sauber,"['Nick Heidfeld', 'Jacques Villeneuve', 'Robert Kubica']"
2006,Ferrari,"['Oliver Bearman', 'Michael Schumacher', 'Felipe Massa']"
2006,Honda,"['Jenson Button', 'Rubens Barrichello']"
2006,MF1,"['Tiago Monteiro', 'Christijan Albers']"
2006,McLaren,"['Kimi Räikkönen', 'Juan Pablo Montoya', 'Pedro de la Rosa']"
2006,Red Bull,"['David Coulthard', 'Christian Klien', 'Robert Doornbos']"
2006,Renault,"['Fernando Alonso', 'Giancarlo Fisichella']"
2006,Spyker MF1,"['Tiago Monteiro', 'Christijan Albers']"
2006,Super Aguri,"['Takuma Sato', 'Yuji Ide', 'Sakon Yamamoto', 'Franck Montagny']"
2006,Toro Rosso,"['Vitantonio Liuzzi', 'Scott Speed']"
2006,Toyota,"['Ralf Schumacher', 'Jarno Trulli']"
2006,Williams,"['Mark Webber', 'Nico Rosberg']"
2007,BMW Sauber,"['Nick Heidfeld', 'Robert Kubica', 'Sebastian Vettel']"
2007,Ferrari,"['Felipe Massa', 'Oliver Bearman', 'Kimi Räikkönen']"
2007,Honda,"['Jenson Button', 'Rubens Barrichello']"
2007,McLaren,"['Lewis Hamilton', 'Fernando Alonso']"
2007,Red Bull,"['David Coulthard', 'Mark Webber']"
2007,Renault,"['Heikki Kovalainen', 'Giancarlo Fisichella']"
2007,Spyker,"['Adrian Sutil', 'Sakon Yamamoto', 'Christijan Albers', 'Markus Winkelhock']"
2007,Super Aguri,"['Takuma Sato', 'Anthony Davidson']"
2007,Toro Rosso,"['Sebastian Vettel', 'Vitantonio Liuzzi', 'Scott Speed']"
2007,Toyota,"['Jarno Trulli', 'Ralf Schumacher']"
2007,Williams,"['Nico Rosberg', 'Alexander Wurz', 'Kazuki Nakajima']"
2008,BMW Sauber,"['Robert Kubica', 'Nick Heidfeld']"
2008,Ferrari,"['Oliver Bearman', 'Kimi Räikkönen', 'Felipe Massa']"
2008,Force India,"['Giancarlo Fisichella', 'Adrian Sutil']"
2008,Honda,"['Rubens Barrichello', 'Jenson Button']"
2008,McLaren,"['Lewis Hamilton', 'Heikki Kovalainen']"
2008,Red Bull,"['Mark Webber', 'David Coulthard']"
2008,Renault,"['Fernando Alonso', 'Nelson Piquet Jr.']"
2008,Super Aguri,"['Takuma Sato', 'Anthony Davidson']"
2008,Toro Rosso,"['Sebastian Vettel', 'Sébastien Bourdais']"
2008,Toyota,"['Jarno Trulli', 'Timo Glock']"
2008,Williams,"['Nico Rosberg', 'Kazuki Nakajima']"
2009,BMW Sauber,"['Nick Heidfeld', 'Robert Kubica']"
2009,Brawn,"['Jenson Button', 'Rubens Barrichello']"
2009,Ferrari,"['Felipe Massa', 'Kimi Räikkönen', 'Oliver Bearman', 'Giancarlo Fisichella', 'Luca Badoer']"
2009,Force India,"['Giancarlo Fisichella', 'Adrian Sutil', 'Vitantonio Liuzzi']"
2009,McLaren,"['Lewis Hamilton', 'Heikki Kovalainen']"
2009,Red Bull,"['Sebastian Vettel', 'Mark Webber']"
2009,Renault,"['Fernando Alonso', 'Nelson Piquet Jr.', 'Romain Grosjean']"
2009,Toro Rosso,"['Sébastien Buemi', 'Sébastien Bourdais', 'Jaime Alguersuari']"
2009,Toyota,"['Jarno Trulli', 'Timo Glock', 'Kamui Kobayashi']"
2009,Williams,"['Nico Rosberg', 'Kazuki Nakajima']"
2010,Ferrari,"['Oliver Bearman', 'Fernando Alonso', 'Felipe Massa']"
2010,Force India,"['Adrian Sutil', 'Vitantonio Liuzzi']"
2010,HRT,"['Sakon Yamamoto', 'Bruno Senna', 'Karun Chandhok', 'Christian Klien']"
2010,Lotus,"['Heikki Kovalainen', 'Jarno Trulli']"
2010,McLaren,"['Lewis Hamilton', 'Jenson Button']"
2010,Mercedes,"['Nico Rosberg', 'Michael Schumacher']"
2010,Red Bull,"['Sebastian Vettel', 'Mark Webber']"
2010,Renault,"['Robert Kubica', 'Vitaly Petrov']"
2010,Sauber,"['Kamui Kobayashi', 'Pedro de la Rosa', 'Nick Heidfeld']"
2010,Toro Rosso,"['Sébastien Buemi', 'Jaime Alguersuari']"
2010,Virgin,"['Lucas di Grassi', 'Timo Glock']"
2010,Williams,"['Rubens Barrichello', 'Nico Hülkenberg']"
2011,Ferrari,"['Oliver Bearman', 'Fernando Alonso', 'Felipe Massa']"
2011,Force India,"['Adrian Sutil', 'Paul di Resta']"
2011,HRT,"['Vitantonio Liuzzi', 'Narain Karthikeyan', 'Daniel Ricciardo']"
2011,Lotus,"['Jarno Trulli', 'Heikki Kovalainen', 'Karun Chandhok']"
2011,McLaren,"['Jenson Button', 'Lewis Hamilton']"
2011,Mercedes,"['Nico Rosberg', 'Michael Schumacher']"
2011,Red Bull,"['Sebastian Vettel', 'Mark Webber']"
2011,Renault,"['Vitaly Petrov', 'Nick Heidfeld', 'Bruno Senna']"
2011,Sauber,"['Kamui Kobayashi', 'Sergio Pérez', 'Pedro de la Rosa']"
2011,Toro Rosso,"['Jaime Alguersuari', 'Sébastien Buemi']"
2011,Virgin,"[""Jérôme d'Ambrosio"", 'Timo Glock']"
2011,Williams,"['Rubens Barrichello', 'Pastor Maldonado']"
2012,Caterham,"['Vitaly Petrov', 'Heikki Kovalainen']"
2012,Ferrari,"['Oliver Bearman', 'Fernando Alonso', 'Felipe Massa']"
2012,Force India,"['Nico Hülkenberg', 'Paul di Resta']"
2012,HRT,"['Narain Karthikeyan', 'Pedro de la Rosa']"
2012,Lotus F1,"['Kimi Räikkönen', 'Romain Grosjean', ""Jérôme d'Ambrosio""]"
2012,Marussia,"['Timo Glock', 'Charles Pic']"
2012,McLaren,"['Lewis Hamilton', 'Jenson Button']"
2012,Mercedes,"['Nico Rosberg', 'Michael Schumacher']"
2012,Red Bull,"['Sebastian Vettel', 'Mark Webber']"
2012,Sauber,"['Sergio Pérez', 'Kamui Kobayashi']"
2012,Toro Rosso,"['Jean-Éric Vergne', 'Daniel Ricciardo']"
2012,Williams,"['Pastor Maldonado', 'Bruno Senna']"
2013,Caterham,"['Charles Pic', 'Giedo van der Garde']"
2013,Ferrari,"['Oliver Bearman', 'Fernando Alonso', 'Felipe Massa']"
2013,Force India,"['Paul di Resta', 'Adrian Sutil']"
2013,Lotus F1,"['Kimi Räikkönen', 'Romain Grosjean', 'Heikki Kovalainen']"
2013,Marussia,"['Jules Bianchi', 'Max Chilton']"
2013,McLaren,"['Jenson Button', 'Sergio Pérez']"
2013,Mercedes,"['Lewis Hamilton', 'Nico Rosberg']"
2013,Red Bull,"['Sebastian Vettel', 'Mark Webber']"
2013,Sauber,"['Nico Hülkenberg', 'Esteban Gutiérrez']"
2013,Toro Rosso,"['Daniel Ricciardo', 'Jean-Éric Vergne']"
2013,Williams,"['Valtteri Bottas', 'Pastor Maldonado']"
2014,Caterham,"['André Lotterer', 'Kamui Kobayashi', 'Will Stevens', 'Marcus Ericsson']"
2014,Ferrari,"['Oliver Bearman', 'Fernando Alonso', 'Kimi Räikkönen']"
2014,Force India,"['Nico Hülkenberg', 'Sergio Pérez']"
2014,Lotus F1,"['Romain Grosjean', 'Pastor Maldonado']"
2014,Marussia,"['Jules Bianchi', 'Max Chilton']"
2014,McLaren,"['Jenson Button', 'Kevin Magnussen']"
2014,Mercedes,"['Lewis Hamilton', 'Nico Rosberg']"
2014,Red Bull,"['Daniel Ricciardo', 'Sebastian Vettel']"
2014,Sauber,"['Adrian Sutil', 'Esteban Gutiérrez']"
2014,Toro Rosso,"['Jean-Éric Vergne', 'Daniil Kvyat']"
2014,Williams,"['Valtteri Bottas', 'Felipe Massa']"
2015,Ferrari,"['Sebastian Vettel', 'Oliver Bearman', 'Kimi Räikkönen']"
2015,Force India,"['Sergio Pérez', 'Nico Hülkenberg']"
2015,Lotus F1,"['Romain Grosjean', 'Pastor Maldonado']"
2015,Manor Marussia,"['Roberto Merhi', 'Will Stevens', 'Alexander Rossi']"
2015,McLaren,"['Jenson Button', 'Fernando Alonso', 'Kevin Magnussen']"
2015,Mercedes,"['Lewis Hamilton', 'Nico Rosberg']"
2015,Red Bull,"['Daniil Kvyat', 'Daniel Ricciardo']"
2015,Sauber,"['Felipe Nasr', 'Marcus Ericsson']"
2015,Toro Rosso,"['Max Verstappen', 'Carlos Sainz']"
2015,Williams,"['Valtteri Bottas', 'Felipe Massa']"
2016,Ferrari,"['Sebastian Vettel', 'Oliver Bearman', 'Kimi Räikkönen']"
2016,Force India,"['Sergio Pérez', 'Nico Hülkenberg']"
2016,Haas F1 Team,"['Oliver Bearman', 'Esteban Gutiérrez', 'Romain Grosjean']"
2016,Manor Marussia,"['Pascal Wehrlein', 'Esteban Ocon', 'Rio Haryanto']"
2016,McLaren,"['Fernando Alonso', 'Jenson Button', 'Stoffel Vandoorne']"
2016,Mercedes,"['Nico Rosberg', 'Lewis Hamilton']"
2016,Red Bull,"['Daniel Ricciardo', 'Max Verstappen', 'Daniil Kvyat']"
2016,Renault,"['Kevin Magnussen', 'Jolyon Palmer']"
2016,Sauber,"['Felipe Nasr', 'Marcus Ericsson']"
2016,Toro Rosso,"['Max Verstappen', 'Carlos Sainz', 'Daniil Kvyat']"
2016,Williams,"['Valtteri Bottas', 'Felipe Massa']"
2017,Ferrari,"['Sebastian Vettel', 'Oliver Bearman', 'Kimi Räikkönen']"
2017,Force India,"['Sergio Pérez', 'Esteban Ocon']"
2017,Haas F1 Team,"['Kevin Magnussen', 'Oliver Bearman', 'Romain Grosjean']"
2017,McLaren,"['Fernando Alonso', 'Stoffel Vandoorne', 'Jenson Button']"
2017,Mercedes,"['Lewis Hamilton', 'Valtteri Bottas']"
2017,Red Bull,"['Daniel Ricciardo', 'Max Verstappen']"
2017,Renault,"['Carlos Sainz', 'Nico Hülkenberg', 'Jolyon Palmer']"
2017,Sauber,"['Pascal Wehrlein', 'Marcus Ericsson', 'Antonio Giovinazzi']"
2017,Toro Rosso,"['Carlos Sainz', 'Daniil Kvyat', 'Pierre Gasly', 'Brendon Hartley']"
2017,Williams,"['Felipe Massa', 'Lance Stroll', 'Paul di Resta']"
2018,Ferrari,"['Sebastian Vettel', 'Oliver Bearman', 'Kimi Räikkönen']"
2018,Force India,"['Sergio Pérez', 'Esteban Ocon']"
2018,Haas F1 Team,"['Kevin Magnussen', 'Oliver Bearman', 'Romain Grosjean']"
2018,McLaren,"['Fernando Alonso', 'Stoffel Vandoorne']"
2018,Mercedes,"['Lewis Hamilton', 'Valtteri Bottas']"
2018,Red Bull,"['Max Verstappen', 'Daniel Ricciardo']"
2018,Renault,"['Nico Hülkenberg', 'Carlos Sainz']"
2018,Sauber,"['Charles Leclerc', 'Marcus Ericsson']"
2018,Toro Rosso,"['Pierre Gasly', 'Brendon Hartley']"
2018,Williams,"['Lance Stroll', 'Sergey Sirotkin']"
2019,Alfa Romeo,"['Kimi Räikkönen', 'Antonio Giovinazzi']"
2019,Ferrari,"['Sebastian Vettel', 'Charles Leclerc', 'Oliver Bearman']"
2019,Haas F1 Team,"['Kevin Magnussen', 'Oliver Bearman', 'Romain Grosjean']"
2019,McLaren,"['Carlos Sainz', 'Lando Norris']"
2019,Mercedes,"['Lewis Hamilton', 'Valtteri Bottas']"
2019,Racing Point,"['Sergio Pérez', 'Lance Stroll']"
2019,Red Bull,"['Max Verstappen', 'Pierre Gasly', 'Alexander Albon']"
2019,Renault,"['Daniel Ricciardo', 'Nico Hülkenberg']"
2019,Toro Rosso,"['Pierre Gasly', 'Alexander Albon', 'Daniil Kvyat']"
2019,Williams,"['Robert Kubica', 'George Russell']"
2020,Alfa Romeo,"['Kimi Räikkönen', 'Antonio Giovinazzi']"
2020,AlphaTauri,"['Pierre Gasly', 'Daniil Kvyat']"
2020,Ferrari,"['Sebastian Vettel', 'Charles Leclerc', 'Oliver Bearman']"
2020,Haas F1 Team,"['Pietro Fittipaldi', 'Kevin Magnussen', 'Oliver Bearman', 'Romain Grosjean']"
2020,McLaren,"['Carlos Sainz', 'Lando Norris']"
2020,Mercedes,"['Lewis Hamilton', 'Valtteri Bottas', 'George Russell']"
2020,Racing Point,"['Sergio Pérez', 'Lance Stroll', 'Nico Hülkenberg']"
2020,Red Bull,"['Max Verstappen', 'Alexander Albon']"
2020,Renault,"['Daniel Ricciardo', 'Esteban Ocon']"
2020,Williams,"['George Russell', 'Nicholas Latifi', 'Jack Aitken']"
2021,Alfa Romeo,"['Kimi Räikkönen', 'Antonio Giovinazzi', 'Robert Kubica']"
2021,AlphaTauri,"['Pierre Gasly', 'Yuki Tsunoda']"
2021,Alpine F1 Team,"['Fernando Alonso', 'Esteban Ocon']"
2021,Aston Martin,"['Sebastian Vettel', 'Lance Stroll']"
2021,Ferrari,"['Charles Leclerc', 'Carlos Sainz', 'Oliver Bearman']"
2021,Haas F1 Team,"['Oliver Bearman', 'Mick Schumacher', 'Nikita Mazepin']"
2021,McLaren,"['Lando Norris', 'Daniel Ricciardo']"
2021,Mercedes,"['Lewis Hamilton', 'Valtteri Bottas']"
2021,Red Bull,"['Max Verstappen', 'Sergio Pérez']"
2021,Williams,"['George Russell', 'Nicholas Latifi']"
2022,Alfa Romeo,"['Valtteri Bottas', 'Guanyu Zhou']"
2022,AlphaTauri,"['Pierre Gasly', 'Yuki Tsunoda']"
2022,Alpine F1 Team,"['Esteban Ocon', 'Fernando Alonso']"
2022,Aston Martin,"['Sebastian Vettel', 'Lance Stroll', 'Nico Hülkenberg']"
2022,Ferrari,"['Charles Leclerc', 'Carlos Sainz', 'Oliver Bearman']"
2022,Haas F1 Team,"['Kevin Magnussen', 'Mick Schumacher', 'Oliver Bearman']"
2022,McLaren,"['Lando Norris', 'Daniel Ricciardo']"
2022,Mercedes,"['George Russell', 'Lewis Hamilton']"
2022,Red Bull,"['Max Verstappen', 'Sergio Pérez']"
2022,Williams,"['Alexander Albon', 'Nicholas Latifi', 'Nyck de Vries']"
2023,Alfa Romeo,"['Valtteri Bottas', 'Guanyu Zhou']"
2023,AlphaTauri,"['Yuki Tsunoda', 'Daniel Ricciardo', 'Liam Lawson', 'Nyck de Vries']"
2023,Alpine F1 Team,"['Pierre Gasly', 'Esteban Ocon']"
2023,Aston Martin,"['Fernando Alonso', 'Lance Stroll']"
2023,Ferrari,"['Charles Leclerc', 'Carlos Sainz', 'Oliver Bearman']"
2023,Haas F1 Team,"['Kevin Magnussen', 'Oliver Bearman', 'Nico Hülkenberg']"
2023,McLaren,"['Lando Norris', 'Oscar Piastri']"
2023,Mercedes,"['Lewis Hamilton', 'George Russell']"
2023,Red Bull,"['Max Verstappen', 'Sergio Pérez']"
2023,Williams,"['Alexander Albon', 'Logan Sargeant']"
2024,Alpine F1 Team,"['Pierre Gasly', 'Esteban Ocon', 'Jack Doohan']"
2024,Aston Martin,"['Fernando Alonso', 'Lance Stroll']"
2024,Ferrari,"['Charles Leclerc', 'Carlos Sainz', 'Oliver Bearman']"
2024,Haas F1 Team,"['Kevin Magnussen', 'Oliver Bearman', 'Nico Hülkenberg']"
2024,McLaren,"['Lando Norris', 'Oscar Piastri']"
2024,Mercedes,"['George Russell', 'Lewis Hamilton']"
2024,RB F1 Team,"['Yuki Tsunoda', 'Daniel Ricciardo', 'Liam Lawson']"
2024,Red Bull,"['Max Verstappen', 'Sergio Pérez']"
2024,Sauber,"['Guanyu Zhou', 'Valtteri Bottas']"
2024,Williams,"['Alexander Albon', 'Franco Colapinto', 'Logan Sargeant']"
1950,Alfa Romeo,['Reg Parnell']
1950,Maserati,['Reg Parnell']
1950,Cooper,['Harry Schell']
1950,Talbot-Lago,['Harry Schell']
1950,Deidt,['Tony Bettenhausen']
1950,Kurtis Kraft,['Tony Bettenhausen']
1951,BRM,['Reg Parnell']
1951,Ferrari,"['Reg Parnell', 'Oliver Bearman']"
1952,Ferrari,"['Roger Laurent', 'Oliver Bearman']"
1952,HWM,['Roger Laurent']
1952,Gordini,['Prince Bira']
1952,Simca,['Prince Bira']
1952,HWM,['Paul Frère']
1952,Simca,['Paul Frère']
1953,Bromme,['Bob Scott']
1953,Kurtis Kraft,['Bob Scott']
1953,Del Roy,['Johnny Thomson']
1953,Kurtis Kraft,['Johnny Thomson']
1953,Kurtis Kraft,"['Gene Hartley', 'Chuck Stevenson']"
1953,Kuzma,"['Gene Hartley', 'Chuck Stevenson']"
1953,Kurtis Kraft,['Duane Carter']
1953,Lesovsky,['Duane Carter']
1953,Kurtis Kraft,['Andy Linden']
1953,Stevens,['Andy Linden']
1954,Kurtis Kraft,['Jimmy Daywalt']
1954,Nichels,['Jimmy Daywalt']
1954,Kurtis Kraft,['Andy Linden']
1954,Nichels,['Andy Linden']
1954,Schroeder,['Andy Linden']
1954,Kurtis Kraft,['George Fonder']
1954,Schroeder,['George Fonder']
1954,Schroeder,['Bob Scott']
1954,Stevens,['Bob Scott']
1955,Connaught,['Peter Walker']
1955,Maserati,['Peter Walker']
1955,Ferrari,"['Johnny Claes', 'Oliver Bearman']"
1955,Maserati,['Johnny Claes']
1955,Maserati,['André Simon']
1955,Mercedes,['André Simon']
1956,BRM,['Mike Hawthorn']
1956,Maserati,['Mike Hawthorn']
1956,Vanwall,['Mike Hawthorn']
1956,Ferrari,"['Oliver Bearman', 'André Pilette']"
1956,Gordini,['André Pilette']
1956,Maserati,['José Froilán González']
1956,Vanwall,['José Froilán González']
1957,BRM,['Les Leston']
1957,Cooper,['Les Leston']
1957,BRM,['Roy Salvadori']
1957,Cooper,['Roy Salvadori']
1957,Vanwall,['Roy Salvadori']
1957,Connaught,['Ivor Bueb']
1957,Maserati,['Ivor Bueb']
1958,Connaught,['Ivor Bueb']
1958,Team Lotus,['Ivor Bueb']
1958,Maserati,['Giulio Cabianca']
1958,OSCA,['Giulio Cabianca']
1959,BRM,['Hans Herrmann']
1959,Cooper-Maserati,['Hans Herrmann']
1959,Cooper-Borgward,['Ivor Bueb']
1959,Cooper-Climax,['Ivor Bueb']
1959,Cooper-Climax,['Jack Fairman']
1959,Cooper-Maserati,['Jack Fairman']
1959,Cooper-Climax,['Giorgio Scarlatti']
1959,Maserati,['Giorgio Scarlatti']
1959,Maserati,['Carel Godin de Beaufort']
1959,Porsche,['Carel Godin de Beaufort']
1960,Behra-Porsche,['Masten Gregory']
1960,Cooper-Maserati,['Masten Gregory']
1960,Cooper-Castellotti,['Giorgio Scarlatti']
1960,Cooper-Maserati,['Giorgio Scarlatti']
1960,Maserati,['Giorgio Scarlatti']
1960,Cooper-Castellotti,['Gino Munaron']
1960,Maserati,['Gino Munaron']
1960,Cooper-Climax,['Lance Reventlow']
1960,Scarab,['Lance Reventlow']
1960,Ferrari,"['Richie Ginther', 'Oliver Bearman']"
1960,Scarab,['Richie Ginther']
1961,Cooper-Climax,['Renato Pirocchi']
1961,Cooper-Maserati,['Renato Pirocchi']
1961,Cooper-Climax,['Jack Fairman']
1961,Ferguson,['Jack Fairman']
1961,Cooper-Climax,['Ian Burgess']
1961,Lotus-Climax,['Ian Burgess']
1961,Emeryson,['Lucien Bianchi']
1961,Lotus-Climax,['Lucien Bianchi']
1961,Ferrari,"['Willy Mairesse', 'Oliver Bearman']"
1961,Lotus-Climax,['Willy Mairesse']
1962,BRM,['Jackie Lewis']
1962,Cooper,['Jackie Lewis']
1962,Cooper-Climax,['Jackie Lewis']
1962,BRM,['Gerry Ashmore']
1962,Lotus-Climax,['Gerry Ashmore']
1962,ENB,['Lucien Bianchi']
1962,Lotus-Climax,['Lucien Bianchi']
1962,Emeryson,['Wolfgang Seidel']
1962,Lotus-BRM,['Wolfgang Seidel']
1962,Emeryson,['John Campbell-Jones']
1962,Lotus-Climax,['John Campbell-Jones']
1962,Gilby,['Keith Greene']
1962,Lotus-Climax,['Keith Greene']
1962,Lotus-BRM,"['Masten Gregory', 'Jo Siffert', 'Tony Shelly']"
1962,Lotus-Climax,"['Masten Gregory', 'Jo Siffert', 'Tony Shelly']"
1962,Lotus-BRM,"['Dan Gurney', 'Heinz Schiller']"
1962,Porsche,"['Dan Gurney', 'Heinz Schiller']"
1962,Lotus-Climax,['Nino Vaccarella']
1962,Porsche,['Nino Vaccarella']
1963,ATS,['Phil Hill']
1963,Lotus-BRM,['Phil Hill']
1963,BRM,['Maurice Trintignant']
1963,Lola,['Maurice Trintignant']
1963,Lotus-Climax,['Maurice Trintignant']
1963,BRP,['Innes Ireland']
1963,Lotus-BRM,['Innes Ireland']
1963,Lola,"['Chris Amon', 'John Campbell-Jones', 'Masten Gregory']"
1963,Lotus-BRM,"['Chris Amon', 'John Campbell-Jones', 'Masten Gregory']"
1963,Lotus-Climax,['Walt Hansgen']
1963,Team Lotus,['Walt Hansgen']
1964,Lotus-BRM,['Peter Revson']
1964,Lotus-Climax,['Peter Revson']
1965,Brabham-BRM,['Ian Raby']
1965,Brabham-Climax,['Ian Raby']
1965,Brabham-Ford,['Paul Hawkins']
1965,Lotus-Climax,['Paul Hawkins']
1966,Brabham-BRM,['Chris Amon']
1966,Cooper-Maserati,['Chris Amon']
1967,BRM,['David Hobbs']
1967,Lola,['David Hobbs']
1967,BRM,['Piers Courage']
1967,Lotus-BRM,['Piers Courage']
1967,Brabham-Ford,['Alan Rees']
1967,Cooper-Maserati,['Alan Rees']
1967,Cooper-Maserati,['Jacky Ickx']
1967,Matra,['Jacky Ickx']
1967,Eagle-Weslake,['Ludovico Scarfiotti']
1967,Ferrari,"['Oliver Bearman', 'Ludovico Scarfiotti']"
1968,Cooper-BRM,['Brian Redman']
1968,Cooper-Maserati,['Brian Redman']
1969,Cooper-Maserati,['Vic Elford']
1969,McLaren-Ford,['Vic Elford']
1970,Brabham,['Derek Bell']
1970,Surtees,['Derek Bell']
1971,Brabham,['Dave Charlton']
1971,Lotus-Ford,['Dave Charlton']
1972,Ferrari,"['Oliver Bearman', 'Nanni Galli']"
1972,Tecno,['Nanni Galli']
1973,Brabham,['Andrea de Adamich']
1973,Surtees,['Andrea de Adamich']
1973,Iso Marlboro,['Henri Pescarolo']
1973,March,['Henri Pescarolo']
1974,Brabham,['Richard Robarts']
1974,Iso Marlboro,['Richard Robarts']
1974,Hesketh,['Ian Scheckter']
1974,Team Lotus,['Ian Scheckter']
1974,Iso Marlboro,['Jean-Pierre Jabouille']
1974,Surtees,['Jean-Pierre Jabouille']
1974,Maki,['Howden Ganley']
1974,March,['Howden Ganley']
1975,Embassy Hill,['Alan Jones']
1975,Hesketh,['Alan Jones']
1975,Embassy Hill,"['Graham Hill', 'Rolf Stommelen']"
1975,Lola,"['Graham Hill', 'Rolf Stommelen']"
1975,Embassy Hill,['François Migault']
1975,Lola,['François Migault']
1975,Williams,['François Migault']
1975,Fittipaldi,['Arturo Merzario']
1975,Williams,['Arturo Merzario']
1975,March,['Mark Donohue']
1975,Penske,['Mark Donohue']
1975,Tyrrell,['Ian Scheckter']
1975,Williams,['Ian Scheckter']
1976,Brabham-Alfa Romeo,['Carlos Reutemann']
1976,Ferrari,"['Oliver Bearman', 'Carlos Reutemann']"
1976,Brabham-Alfa Romeo,['Rolf Stommelen']
1976,Hesketh,['Rolf Stommelen']
1976,Brabham-Ford,['Patrick Nève']
1976,Ensign,['Patrick Nève']
1976,Brabham-Ford,['Lella Lombardi']
1976,March,['Lella Lombardi']
1976,Brabham-Ford,['Bob Evans']
1976,Team Lotus,['Bob Evans']
1976,Ensign,"['Chris Amon', 'Jacky Ickx']"
1976,Wolf,"['Chris Amon', 'Jacky Ickx']"
1977,BRM,['Larry Perkins']
1977,Surtees,['Larry Perkins']
1977,Boro,['Brian Henton']
1977,March,['Brian Henton']
1977,March,['Brett Lunger']
1977,McLaren,['Brett Lunger']
1977,March,['Arturo Merzario']
1977,Shadow,['Arturo Merzario']
1978,ATS,['Harald Ertl']
1978,Ensign,['Harald Ertl']
1978,ATS,['Alberto Colombo']
1978,Merzario,['Alberto Colombo']
1978,Ensign,['Brett Lunger']
1978,McLaren,['Brett Lunger']
1978,Ensign,['Danny Ongais']
1978,Shadow,['Danny Ongais']
1978,Hesketh,['Eddie Cheever']
1978,Theodore,['Eddie Cheever']
1979,Brabham-Alfa Romeo,['Niki Lauda']
1979,Brabham-Ford,['Niki Lauda']
1979,Kauhsen,['Gianfranco Brancatelli']
1979,Merzario,['Gianfranco Brancatelli']
1982,Team Lotus,['Geoff Lees']
1982,Theodore,['Geoff Lees']
1984,RAM,['Mike Thackwell']
1984,Tyrrell,['Mike Thackwell']
1985,Brabham,['François Hesnault']
1985,Renault,['François Hesnault']
1989,Benetton,['Johnny Herbert']
1989,Tyrrell,['Johnny Herbert']
1989,Euro Brun,['Gregor Foitek']
1989,Rial,['Gregor Foitek']
1990,Brabham,['Gregor Foitek']
1990,Onyx,['Gregor Foitek']
1991,AGS,['Olivier Grouillard']
1991,Fondmetal,['Olivier Grouillard']
1991,AGS,['Stefan Johansson']
1991,Footwork,['Stefan Johansson']
1991,Larrousse,['Éric Bernard']
1991,Lola,['Éric Bernard']
1992,Brabham,['Eric van de Poele']
1992,Fondmetal,['Eric van de Poele']
1994,Jordan,['Andrea de Cesaris']
1994,Sauber,['Andrea de Cesaris']
1994,Larrousse,['Philippe Alliot']
1994,McLaren,['Philippe Alliot']
1994,Ligier,['Éric Bernard']
1994,Team Lotus,['Éric Bernard']
1997,Minardi,['Jarno Trulli']
1997,Prost,['Jarno Trulli']
1999,BAR,['Mika Salo']
1999,Ferrari,"['Mika Salo', 'Oliver Bearman']"
2001,Jaguar,['Luciano Burti']
2001,Prost,['Luciano Burti']
2002,Arrows,['Heinz-Harald Frentzen']
2002,Sauber,['Heinz-Harald Frentzen']
